x1,x2,x3,x4,x5,x6,y
-0.6056013089098922,-0.8371561529352635,0.39930125624808077,-0.1540959842841706,1.0,0.01751211432752131,1.9880902345052829
-0.7877714556901756,-1.0,-0.5983986463100925,-1.0,-1.0,-0.9608938356607475,4.940286783405828
-1.0,-0.4504906900641915,-0.45587170986470904,-0.2947485427162614,0.16557805858757302,-0.05948230432002628,0.29617503218554747
1.0,0.38955321420986566,0.01137539019839684,1.0,0.06743873501410858,-0.5392535276560644,1.5490574726471074
-0.7217272894921001,0.09934364266354423,0.1824053169979676,-0.17480229692793436,0.1870253317858923,-0.297044096047619,0.9425671206511965
1.0,0.5777619614886882,0.9071821047638511,0.8461475396053841,0.6442435545961412,0.06202427061845023,-3.2150200407896765
0.029811810277587072,0.8931208344344588,-1.0,-0.23221522744801754,-0.12025655225573811,-0.5502593961903963,1.2245510227016438
-1.0,-0.457453224397417,-0.22965908842710903,-0.9305224198967058,0.49463275938457063,1.0,1.2656489778007782
-0.5678791485445867,-0.10179340866517106,-0.49451268097471723,-1.0,-1.0,-0.5183036950928159,0.7780722627019269
-0.18989143739055495,-0.22746517175074776,1.0,-0.22548533450437774,0.057416970323123484,0.9370419283946094,-2.0573415878231978
0.11884332447033952,0.15950113366162905,-1.0,0.0036328204949286225,0.6405583724002369,0.38856564336173116,0.5797906313757402
-1.0,-0.29173816805799846,-0.739759250994279,-1.0,1.0,1.0,7.07549756378978
0.5006412877669968,1.0,0.6718666503708095,1.0,-1.0,-1.0,6.563630189575073
-1.0,-1.0,-0.9055680342924259,-0.7604199814912269,-1.0,-0.39542367267609624,-1.754648190445464
-1.0,0.02805629675695398,0.7551602484582202,-1.0,-0.20517054486173458,-0.38380089453731664,-1.683790381156123
-0.8730601521105914,-1.0,-1.0,-1.0,-0.43772487350078004,-0.670019941735665,-0.22891292620162051
-0.08698583177233865,-1.0,1.0,0.03175379894559355,-1.0,-1.0,4.517268325433305
-0.1283231916370431,-0.3068810903773225,0.8691578841570244,0.658126494057514,1.0,1.0,0.668485615782726
-0.4966727699164246,-1.0,-0.1464849667297199,0.8286595071678566,0.6047998433364866,1.0,3.9459969712891367
-0.7061552103560881,-0.8412513238791188,1.0,-0.5974472655277556,1.0,0.8406598105261046,-1.0703746735209547
-0.6580602260489943,-0.45328266782800963,-0.7098322360193715,0.2439876149207626,-0.4776391382232307,0.4348082788138481,-0.5740582145050093
-0.3673285799923871,-1.0,-1.0,-1.0,-0.750461598638231,-0.46780745729282147,-0.8357360394629949
0.9623123352519375,1.0,0.5959883384503211,0.13139049930678148,1.0,0.25629488859148664,-3.386893821808654
-0.10650154745015605,-1.0,-0.47931790325256207,-1.0,-0.8203875692558548,-1.0,5.889412462177742
0.1609885171856522,-0.5458383196141661,0.09013982168845713,-0.124929974303991,0.34574353203571173,1.0,2.2498358039637294
-0.7778453425289171,-0.0225248673728512,-0.32852541209326946,-0.5956753174105971,0.6098568129525751,-0.1205432188139186,0.8225347369827317
1.0,-0.1870993454572894,1.0,-0.6016019316461951,1.0,1.0,-7.912643142833218
0.029704929541346597,-0.23298043498335497,0.08449877369250543,0.8847094149833099,-0.608103704168001,0.41269129560100093,0.0770652017237955
0.5193368084341266,0.5025531189539957,0.061200363636863986,-1.0,1.0,-0.20596936185636,0.07383778221714443
-0.47599629927105447,-0.8742243282367582,-1.0,-0.4670926862231628,0.2319865288797471,-0.29614187634021005,-2.9815780195735924
0.5062999164700697,-0.024993814314324736,1.0,0.26776427768600497,-0.0018075655787095357,1.0,-1.80827331529365
0.16876250863833708,1.0,0.2643711563023379,0.41402495152257934,-1.0,-0.5789120209798798,1.0458538469852339
-1.0,-0.8864107370606741,-0.17688194614537656,-1.0,-0.15021510254820591,-1.0,4.441558020347186
-0.6982507028432914,0.24023876388835252,-0.0669669736033367,-0.6378818016374195,0.6761658771328312,-1.0,3.9454110804118843
-0.27381347144238155,1.0,0.6257050402969124,1.0,-0.1611563680694228,0.454976997032454,-3.2563390162253962
0.2559446639672276,1.0,1.0,1.0,-0.6936592004014059,-1.0,2.063463299271016
-1.0,0.42049168004838056,0.13961384897291618,1.0,1.0,-0.6119207870066655,3.659681899983412
-0.6957606652720816,-0.42195444922727454,-0.020251152519159543,-0.7702527132455934,-1.0,-0.25868348119859075,0.6784005373318793
-0.5237792760856325,0.547217694118123,0.8996980130313685,-1.0,-0.23059445050150254,0.14119653221188921,-0.5504202044024324
-0.07667167712463502,-1.0,-1.0,0.06356438214727855,-1.0,-0.7528880030297198,-0.7811864630936287
0.7712352470373565,-0.10450479967541688,0.4299197239558323,0.8824093756077356,0.32245112833662004,0.6767429507351668,-0.18507449208961851
1.0,0.8871128470256833,1.0,0.6002947890844998,0.5592088864312134,0.6831367080229089,-5.820681843161346
1.0,0.7382751338996854,0.92292470228173,1.0,-0.41523829860667594,0.12625148104349215,1.1024130807684274
-1.0,-0.7274955038732313,0.10248073752289066,-0.017491313899086758,-1.0,-0.6264178944852221,-0.5557523838336319
0.6913555330930254,0.428279093908537,1.0,1.0,-0.312197064450935,1.0,-1.9595123481239158
0.3617731857922196,0.3433214803400147,0.7777940938942102,-0.996455417156215,-1.0,-0.2597206814086348,1.8332014885397632
-1.0,-0.6847348517534249,-0.36367465492880247,-1.0,0.6788535559686264,-0.4853417462709664,3.3183103342116764
-0.8102333828929696,-0.161082290065389,-0.0246822118570178,-0.48713114643922517,1.0,-0.6136186962645452,3.4045557142014986
0.4855171242159291,0.16221042828444077,1.0,0.7498911802278487,-0.9349421146620083,-0.8098434942252537,3.3914977681783487
-1.0,-0.9423570079480637,-0.1878794142870026,-0.4835451517550622,0.6264274070634771,1.0,2.085939031198334
0.9214990748664448,-0.8520301154469021,0.7426795820821407,-0.24750075075323197,-0.5251288022691116,-1.0,9.896823131618595
-0.8095824079480886,-0.7248148595998096,0.6689894448072735,-0.746442881523494,-0.7073792575509441,-0.1812706790431866,0.5554091213466179
-1.0,0.12706388000246704,0.2887961090096171,-1.0,1.0,0.7527227585470668,5.69628947289565
0.8211905900448961,1.0,-0.36557256831816143,-1.0,0.20806866979074923,0.1913248404036264,1.5843672156551407
0.4605423685176735,0.6477504143269166,1.0,1.0,1.0,0.9437503203115165,-4.625668953306132
-1.0,-0.10579758704584408,-0.6975262163917767,-1.0,1.0,0.6177740650310618,3.5916966344651793
0.1249665517990951,0.8647902824249167,1.0,-0.07520810708826053,0.9302236448576765,1.0,-1.3166212326637101
-0.02299552392538151,0.3842537164921521,-0.7693729971507965,0.4575301732129395,0.5229538981930042,0.4377725142407592,1.0427487109533213
-0.5737664817728249,-0.9114530668629813,0.8895216330072777,-0.5761252270476649,0.08769266017853639,0.21894876054367907,0.3671667605628687
0.35002567393576944,0.6617753130128288,-1.0,0.6841439165889119,0.7293583956375055,1.0,5.41336702603326
-0.5809226757825913,-0.22340295099810908,0.49663745207055904,0.2557956385011706,-0.5977860973475939,0.9910376766161167,-0.6699959685734613
1.0,0.7820860137761878,1.0,1.0,0.3801879093393363,-1.0,-0.8981619173031494
0.733098392030763,0.46128627530238675,1.0,1.0,-0.22834513530714218,0.3515001337653549,-1.587518238116709
-0.4618829682469872,0.3416537625791873,-0.9864238277333207,0.14146755540399436,-1.0,-1.0,1.1381030497557127
-0.921983468188432,-0.464248308285262,-0.955944437603051,-1.0,0.5738315135484551,0.690922437637785,0.12400893796940662
0.052657789941642996,0.43186467215066826,1.0,-0.1115680643617282,-1.0,-0.9878082737518123,-0.25809113000761263
0.1323259885804466,-0.3468289009744865,0.5438120895977416,-0.8097089411787699,0.3139122720658041,-0.16610934217362938,0.165188134442597
0.9666009608292461,1.0,1.0,1.0,-0.6817872711436128,-0.39544330431268354,3.801297685686498
-0.5486241037760418,-0.2204993717930973,-1.0,-1.0,1.0,1.0,7.31377652770589
0.007536626421955572,-0.8525817314333777,-1.0,-1.0,-1.0,0.3966286527929396,2.441094287836324
0.1755519734342436,-0.02105068692638948,0.7063865661150899,0.49856261096762633,0.2674283666903663,1.0,0.5559731784330724
-0.6055065275263206,-0.6465881569759966,0.6182398659380071,-1.0,0.4052117131733816,1.0,-2.123944100128866
-1.0,-0.5471758297413711,-0.2945305694527286,0.24763424913219717,1.0,0.12013367886432372,1.3935433541929392
0.6998113516720859,-0.4862121143214805,1.0,-0.30392079050302423,0.6762695141793651,-0.07415997613748926,-2.1161320235504966
-1.0,0.8498859941747201,0.3277828983129589,1.0,0.2928079713796765,1.0,-1.8696550040088749
-1.0,-0.9215348391969573,-1.0,0.01507874351607097,-0.2011240955407269,0.5058837193620365,-2.825006125385501
0.8242899417996087,0.6863087840071695,1.0,0.8535706739773321,0.5208662059577424,0.6740386565248898,-4.811791832701834
-0.27771531920904474,0.5502919122626433,-1.0,0.9411174600489278,-1.0,0.2538717506889788,-0.4127644149243886
0.9764047594760898,-1.0,0.08660965203173093,0.35447319062228233,0.43543560831118433,0.10626429992402664,-0.8037632693227065
-0.13800971191976474,-1.0,-1.0,-1.0,0.35371799580971475,-0.25306249122362007,-3.3737895962485487
-0.4143997731959154,-0.6016647989983723,-0.1442371256189438,-0.03978186399226956,-0.9313541772261467,-0.04097321000709564,-1.0641468655120687
-1.0,-0.28831770120183764,-0.6902750785501941,-0.5928653581060889,1.0,1.0,6.252729497340693
0.1330613587024463,1.0,0.24639482660232087,1.0,1.0,-0.23760860446902243,-2.0305352970153776
0.005400853854756527,0.2452453943893047,0.6809475151242737,0.9610201653067241,0.10497420050972783,-0.5904646178315383,0.6422683380760236
-0.5111223893945843,-0.1650155103157871,-1.0,-0.823328638059545,0.07914738731712778,1.0,6.031140089695356
0.3339677951426908,-0.8678832020630682,-1.0,-0.40833122715484826,0.19600264987687765,1.0,2.1174172357060708
1.0,0.9110631082373473,1.0,1.0,0.22246777400353301,0.07082878859002628,-3.0320234292050086
-0.7705969319387478,-0.7734657102895719,-1.0,0.4017577988148268,0.8064048385338246,0.658301548427324,1.5290265174198958
-1.0,-1.0,-0.2033584181224497,-0.843262643487177,-0.3438553824857985,-1.0,4.5012062611394015
1.0,0.7076928585178539,0.8737093137663208,1.0,1.0,0.22085830047500377,-5.799589548582568
-1.0,-1.0,-0.35951184863364394,-0.13183887725626614,0.8028946181445134,0.560298318582051,0.8227973326271092
-1.0,-1.0,-0.18830870174738945,-1.0,0.36751208596893736,1.0,-2.6158885926752014
0.6668109840233043,0.3839979080522693,-1.0,0.3274314852604854,-0.40512248586182964,-0.07155591996478194,0.7592206319028257
-1.0,-1.0,-0.33245356885096156,0.006254659892187819,0.8037981389053694,1.0,3.6811306191383384
-0.33724274995105075,-0.31987431755331863,0.5260166465989122,0.43778196088719185,0.781019265197102,-0.20679305052464297,0.5028397356407861
-1.0,-1.0,-0.94589070232443,-1.0,-0.17192577548177068,0.29129317963188406,-6.277387418221292
-1.0,-0.3456450076052503,-0.21193642708059612,-0.11714747950450577,-0.27691296057855275,-0.09109486362814306,-0.411789579812508
0.8358542555173938,-1.0,1.0,-0.28933037031028486,0.5790034398106525,0.5265684416736218,-2.193119526686925
-0.6509559840395083,-0.36614248876865596,-1.0,-1.0,0.8679780898529034,-0.7018787078783578,1.7296053270233487
0.9614702976936766,0.6080670720271544,0.8987138617360815,1.0,1.0,1.0,-5.774800371411024
0.2776915672990429,-0.11178804288264521,-0.7414930210430195,-0.9291758366018603,-0.397034815407427,0.5652053121718322,1.3774715994605322
-1.0,-1.0,-0.36141986921095326,-1.0,-0.6558928950058784,-1.0,5.412992156380797
-0.9053695762152449,-0.7852638677445496,0.18752552326086291,-0.6511065556904163,0.361054765759212,-0.8567985414632657,4.720621526859518
0.05037106087915799,0.796324223133428,0.5786715304716596,0.8848818011137303,1.0,0.010667685067491384,-0.24703175159415802
1.0,-0.7848306986814971,1.0,0.27133259690217576,-1.0,-1.0,11.505290750309142
1.0,0.7275401504732957,0.8493061955922783,0.24321288509774042,0.29760161274511376,0.9647787649693003,-1.8284239746460587
-0.7636476174033846,0.5485224104333648,-1.0,-0.6693662276895618,-0.6074617000073486,-1.0,3.374180931174866
1.0,-0.34804938239498173,-0.19943619803568263,-0.6750336606448193,0.503973443407837,1.0,-0.6182097578177288
0.12098884592515535,0.09611817953083657,1.0,0.6165070005661637,-1.0,0.6260325921115759,-0.8958150564452148
0.4805987818113532,1.0,-0.45595766749680144,0.5329298280780778,0.25746811875922504,-1.0,3.155458554925162
0.3238577821998939,-0.43540073707011007,0.10169649018930882,0.4144480660263342,-0.5268852952999264,-0.1205163401309195,0.7844527024435731
0.6093533333583938,0.06181550046858586,-0.1863903508413577,1.0,0.20426576682767164,-0.2925883324962898,-0.6412946565377406
0.5444878978654936,-0.2674587981813572,-0.8302787570612533,-0.25734434741066653,-1.0,-1.0,4.20264576084181
-1.0,-1.0,-1.0,-1.0,-0.03195484373362212,0.4171442062618239,-7.0128700807866835
-0.10361453459681413,-0.9057717787584186,-1.0,0.5843129163721414,-1.0,-0.38879388084758015,-2.50714890155486
1.0,1.0,-0.16840712817603082,-1.0,-1.0,0.6751621062553357,12.311036055731423
0.9326614364153525,1.0,0.06532290117959139,0.43184549827408203,-0.41126733047927666,0.45872985635025354,1.4314410041288048
-0.2409247701870041,-0.19167338198581826,1.0,0.6108763599917697,-0.45578467719793414,-0.1051700872364727,0.1515815167511826
1.0,-0.2034567923849795,-0.2967239637553472,-0.20533208260378338,-1.0,-0.29450437338852187,3.2749872273659806
1.0,0.6461684345731855,0.5284432267456605,1.0,-0.9726270658042291,-0.8741172600430382,8.723447970916178
-0.2710493973545779,0.29918622723059607,-0.8691626820019182,-0.08896708123618158,-1.0,0.10508288832645574,-0.5517232858278647
-0.3905776025073899,1.0,-0.13367658178558361,0.23168129704111928,-1.0,1.0,2.958597511008908
-1.0,-1.0,-1.0,-0.5716549526759978,-1.0,0.5981762739256076,-3.655702742856811
0.8814333904467897,-0.67260358213687,-1.0,0.052377057087102497,-1.0,-0.30890340382397263,4.685523021156278
0.6258892491745922,-0.9692274812349729,-0.5001840763412404,0.04500613385874952,-0.30734225476509247,0.13317097560922792,0.041605909589708334
-0.5863057189410519,-1.0,-0.325172990553887,0.2355734327109294,-0.9969826846071199,-0.27999282526154934,-1.6267477403565684
-0.22937658129176075,-0.8766583696542665,-0.48682864170443096,-1.0,1.0,0.7452093291419659,1.1375007207442804
-0.09545496956906119,-1.0,-1.0,-0.2612406825873068,0.1936529738110887,-0.33227070614020415,-2.410403881049997
1.0,1.0,-0.023890513612872755,1.0,0.07240737225044946,0.32846218623749796,0.16172967725360043
0.4980642229811465,1.0,0.11431185426923451,0.6636129115118095,1.0,-0.9340694043151841,0.7963939996851648
0.6595732931805701,0.3779630958358293,1.0,0.584061820419415,-0.5275501885560009,0.453161956129225,-0.4300129124506816
0.19847154595889255,-0.2526788985482581,-0.4921247160366797,0.0018988800217647483,-0.7816692220937171,-1.0,2.0559868051130468
-1.0,-1.0,0.14055387810693942,-0.3507050120908158,-0.8760824226729796,1.0,-1.2083990934375572
0.6462908734979892,-0.3671023435231289,1.0,-0.24181585188332694,-1.0,-0.6566606914659514,4.120564744243508
1.0,0.11665832684701449,-0.9943798852982221,-0.5045292526113079,0.5109398659629026,-1.0,-0.7098170163384842
-0.07067532116438277,0.006436101630315216,-0.13048772486697818,0.02673119305759325,-0.037558583237540466,-0.35095939967953016,0.12216059573564186
0.37516024083965366,-1.0,0.3043748759130195,-0.7272016725234066,1.0,1.0,0.049160537577404295
-1.0,-0.071985560371707,0.3490290188915717,-1.0,0.04814924627615669,1.0,0.3880189669158376
1.0,-0.07160190634658137,0.749055197551195,0.39316500829923273,0.06205081856809708,-0.7012147758050825,3.4917958464114163
1.0,0.6398328137358462,1.0,-0.2667724733977666,-0.9265087172483408,-0.40887233432551556,3.6968949045537354
-0.22383696629897126,-0.45136797191567035,-0.9129180822526022,0.6762429931850882,1.0,1.0,7.27960409249823
0.2482881059674388,-0.10076283250960438,1.0,0.8130919196767602,-1.0,0.17763804772878844,-0.12323839500411415
-0.5143381761508811,0.006366063138677047,0.002290405275434948,1.0,-0.10592958971779198,0.4567145103919428,-0.2863740767486347
-1.0,-1.0,-0.02790933798693751,-1.0,-0.7297182918651164,-0.9283589819458855,5.259982419674742
1.0,-0.15426226759957307,0.7985743620603403,-0.740836615362992,0.3453742947073889,-0.18459944295710534,-0.8335878033003762
-0.8339998575752334,-1.0,-0.9870482444066818,-1.0,-0.5873721452979299,-0.24181007920913722,-3.5184744811463267
1.0,1.0,0.5414137433793624,0.11956481285644394,-0.512084421008488,-0.11186366688722083,1.2892886851294798
-0.8554254289106186,0.6016990727614923,-0.7185090986969951,0.48967011520658116,0.029542624631616943,-0.3816332274747972,1.0053822765371634
0.3794034442940066,-0.7812955665342145,0.7164086518117336,0.8805598782598604,0.6077579736308036,-0.41020289589732695,0.7587599652092395
-1.0,0.0013226241342363387,0.35526415521172755,-1.0,-0.7365014841090661,-1.0,0.009860610092881639
1.0,0.9170649156202386,0.23113680994702657,1.0,0.3573764493790835,1.0,1.046771525239605
0.13896461628064416,0.5727549223238126,1.0,1.0,1.0,-0.05125146728266178,-3.3138425263338167
0.19911021412996532,1.0,-0.26877511795659487,0.33098058885637016,-0.40312228641601233,-1.0,2.9331860513768397
-0.24176654002160403,-0.40075440007115937,0.32684472839129963,0.039211475915550964,-0.7720269491378644,-0.729964604751602,1.0592644115874736
-0.9595611135262642,-1.0,-0.1293079733233653,-0.7477227611418061,0.17016195541658496,0.6777771013722991,-1.5155797817413466
-1.0,-1.0,-1.0,-0.2671372937110068,-0.17626098929425926,-0.7846673990131663,-0.901255545529102
-0.9532620910824301,-1.0,-0.8314459802600176,-0.9143598701338347,-0.04411260926215277,0.061478700871973435,-4.678803520789971
0.17425606221549717,1.0,0.9030601183839406,0.34775102673834746,-1.0,0.05871073377133985,-1.5776420916992415
0.43507182126103316,0.40596669121075457,-0.7787902726567941,0.05139180249232686,-0.1815393008418303,-1.0,1.5125291678654353
0.1290774746790811,0.034531253904111825,0.14839574265802047,0.18703211586668012,1.0,0.7562502314073473,1.6446634704157503
-0.07491284959165223,-1.0,-0.23180786701529887,-0.10355188944847271,1.0,1.0,3.2660875127293303
1.0,1.0,0.3168981292506923,0.28042882374101974,-0.19885529478662656,-0.7682586876904448,2.4107986880667065
0.405795347426294,-1.0,-1.0,-1.0,-0.5783150276549066,0.10789121399168389,0.2686806183212002
-0.2535627427228074,-0.015022641699147021,-1.0,-0.4811869194037679,0.09686099608002219,-0.9559423353020444,3.0655773940067035
-0.9553214247996875,0.7928806435498098,0.724126107840118,0.25175673632646267,-0.3978141660134063,1.0,-1.915959401934125
-1.0,-0.8710358190097633,-0.2837818764334412,-1.0,-0.24366145612055343,-0.6719519823548008,1.7663428465756912
0.21221028146229304,-1.0,0.24465711025713677,-0.14136760271484144,1.0,0.016532823347989,-0.2225533289681419
1.0,0.6207033016885564,0.649204640759363,0.2410514836044828,-0.7633693180284162,-0.29001801124280546,2.7582259598113885
-0.7398448461003513,-0.24423928457758715,-0.981279368700984,-1.0,0.7235766490068569,0.3487466566079629,-0.4109823960530097
-0.9663087030802459,0.9692207747178545,0.7317892109395664,-0.5181280026659174,1.0,1.0,2.0626317097660123
-1.0,-0.7970552493755947,-0.18635217842132135,-0.9532812706648883,0.8137595259476258,0.22519053693286334,0.2531251302072004
-1.0,-1.0,-1.0,-1.0,0.9195126882112348,-0.3346917485476656,-4.893719152716255
0.20502872499198538,-1.0,-0.4200471859054049,0.1832176521683626,0.7907219609407115,0.7325515938906494,0.0438162602226682
-1.0,-1.0,-1.0,-1.0,-0.7736530688709347,0.7547432100222433,-2.318279021250484
-1.0,-0.7137134430413152,-0.6828720089110041,-0.6945377083092215,1.0,0.20280262937315796,-0.544955685798678
-1.0,-0.5123790712714102,-0.4963407431844246,-0.5306330904704045,0.4849758055637846,-1.0,6.064842452235251
-0.3334320456550226,-0.24679389158519485,0.32053104761713413,0.08831002370482133,-1.0,0.2926441431481086,-0.8808688375952838
-0.8758986659031212,0.024117501536429775,-0.5654158753549139,1.0,-0.48736125899893645,-0.7602726853652633,0.4179080879940067
-0.8124344827358556,0.6608674228122664,-0.7298274411430975,-0.16823741477902976,0.07327693890965646,1.0,7.710922264025894
0.5207211188043201,1.0,1.0,1.0,1.0,-1.0,-5.644557818184586
0.3264412677797064,0.7936194366439091,1.0,0.31426827404934143,-0.7053789763616788,1.0,-0.3644174624651948
0.7551173839217304,0.27059657403483933,1.0,-0.1390330291246309,1.0,0.9061882847417768,-3.6088037952558008
-1.0,-0.7281402572373807,-0.6998033280052378,-1.0,0.5937739084080486,0.8235409526994524,-0.8817185412312804
-0.18784299522990602,0.5033520979036342,0.2669799070262274,1.0,0.8019382823010756,-0.9976538147290268,2.177751794175606
1.0,-0.272148581345031,0.892500762094194,1.0,-1.0,-0.19118528037728344,4.04763595840479
0.9897022738062404,0.2671291552721303,1.0,0.3418141483700108,0.1868440374640416,0.8963230247831858,-3.217307448627954
0.9261865128413534,-0.2574562115964403,-0.8729511819810999,-1.0,-0.7532398200742672,0.12636165322921855,3.512859764986833
0.41303536210572017,0.6437808495480402,0.22980085169504647,-0.2271242707174082,1.0,0.10616663027505835,-0.882257555148995
0.4638726549728771,1.0,0.06677704859607692,0.648855554144269,-1.0,-0.7677962420270893,3.4241424801203912
1.0,1.0,1.0,0.7789343439190015,-0.16287945149919214,0.6304697604544867,-2.532595502129951
0.18742172962548143,0.2589471802519602,0.790185373020313,0.8177899584852221,0.16422544608799405,-0.3051982364474667,0.9145354920044972
1.0,1.0,0.8584104247705375,1.0,1.0,-0.9152057094118291,-5.113760492646371
-0.5841049362479007,0.11406707658343912,0.8439712887850606,-0.5957535043330079,-0.2983888458513481,-1.0,1.1319904447767934
1.0,0.638754597019194,0.8677372517324268,-0.338979728180166,-1.0,-0.885429418495358,5.219374920290876
0.5119052873270481,1.0,0.2247058202491457,-0.2510731804362878,0.24748746180932657,1.0,4.818226467592547
0.8657257512522105,-0.13669507256948243,1.0,-0.13957279305337345,-0.8065423627869135,-0.8708764099817643,6.134091406880221
1.0,0.2962082739255609,0.0037636186719351983,-0.4452241660844168,-1.0,-1.0,6.371709207037606
1.0,0.9600835633077514,1.0,1.0,-0.7867419147848091,-0.841036156330262,7.123792973768788
1.0,0.2824449500024293,0.0009022131463647387,0.006027558759226004,0.4374017516442249,1.0,1.8212171720897996
-0.18180447922027898,-1.0,-0.6125204570767828,0.20734446470978554,-0.6511151467612767,-1.0,0.9698245997783277
0.9660922343567653,1.0,1.0,0.12168510221113693,-0.4996778198368962,0.3077801653087824,-0.8072940660559448
0.718638791773191,1.0,-0.3218944630156285,1.0,-0.7962584690254721,0.43477810826259317,4.8854249988929555
1.0,0.04224652032423659,0.00046325158013904577,1.0,-0.39833633260213985,-0.030848591780860968,1.4613702619525086
0.13992283137736494,0.07505714957703506,-0.4580851983286895,0.46605984842645115,0.013837401474834032,1.0,3.9924236858928266
-0.436052551207331,-1.0,-1.0,-0.36877384454939777,-0.44445709576580816,-0.73362653932554,0.14105950454831417
0.09502633287123252,0.8889055497904355,-0.6052188496312729,-0.985741425658416,0.27447307122010867,-0.30994809228233966,0.8179491217720001
-0.20794840825189065,-0.3917381048979915,0.2172288133298969,-0.9653998678311266,1.0,-0.08989718881391617,2.6688383584714335
-1.0,-1.0,-0.9419171505588275,-0.4665778607932147,-0.383579297929184,1.0,-0.057812667884573066
1.0,1.0,-0.5421185945888398,-0.05784602454588467,0.336529392744239,1.0,4.302166790065618
0.7704937850938508,0.4173713328972852,-0.33168551448906547,0.9857483440551896,0.8033574068254292,0.30225299322126586,-0.4628780139002069
0.1810658826636199,0.9031281408456009,1.0,0.08823198346594574,0.07927421360395029,-0.64453595137892,-0.5723302877474515
-0.7628588600049686,-1.0,-0.19452334844151897,0.14782623499771008,-0.03149982681657593,0.004638748629946747,-0.13768241736799802
1.0,0.83572216451821,1.0,0.18589393687692812,0.5187471673420795,-0.8497079638360294,-1.4499428362659212
1.0,0.14075239081629398,0.8841598979540879,0.3094498057785411,1.0,-0.7523102149913625,-2.13962255592678
-0.45976209765711595,-0.031054932618890696,0.8293864582008468,0.41082515836146616,0.12028833836571695,-0.13390157743708275,0.7094304997125157
0.2028683404395923,-1.0,-0.7593024936335291,-0.8821019731171931,-1.0,-0.048049772014241585,4.639215617253442
0.2387114490082491,0.13952018326202453,0.7477194887645162,-1.0,-0.25445160211868384,-1.0,1.9185082171462366
-0.4725550548025578,-0.3541996762812273,-0.8979569163394693,-0.2817802725299199,-1.0,-0.5797599257476038,-1.3321408185717758
-0.23495438624550563,0.03796979298079062,-0.019041580105620848,1.0,-0.7980520042313928,-0.013817728888783715,0.07942774750770479
-1.0,-1.0,-0.5450128242748931,-1.0,1.0,0.4810511768832662,-1.9693244999678927
0.05567526870724149,0.10868129676851346,0.6088073173759121,0.43483223475176946,1.0,1.0,1.9242620383583295
0.02125974577607983,0.3755542029791594,1.0,0.6718520592569782,-0.25371437969792954,-0.6290996058221038,1.4557361897339594
-0.3421368086694953,0.9899536188758786,0.12305958369307486,-0.00013239911317297626,-0.9844580934936065,-0.7030083596537349,-1.709591245705123
-1.0,0.011543025097586757,-0.21861404182356595,-1.0,-0.9160752212454739,-1.0,0.3393795984256982
1.0,1.0,1.0,0.20315927247877552,-0.7724743773231425,-0.44158270450284653,2.093899671607043
0.6323651933971779,1.0,1.0,0.02200422083073872,1.0,0.11246800314380156,-2.9889992017623843
1.0,1.0,0.035169224795622234,1.0,1.0,0.396425591363214,-2.418287275099357
-0.7673212020924143,-0.30057730506726665,-0.5786567189783143,-0.9077455409484259,-0.022758625588525594,0.7502752833327433,0.7317646293665063
-0.34673988642412445,-1.0,-0.04958351680406681,-0.5813087229119562,0.5690805986173291,1.0,0.2619048122628813
-1.0,-0.44953284471277055,-1.0,-0.7974205574368384,-1.0,-0.1002025709134795,-2.7613316782089723
-1.0,0.4943117512566158,0.41492774638758406,-1.0,-1.0,-0.8089559866838036,-1.9220414485376653
0.7112806072358687,0.8278889111760186,1.0,-0.9433330392933448,-1.0,-0.861170879222497,1.5866403848397295
0.6268804787873288,0.11375250191359743,-0.1626830497518187,-0.09806734192062166,-0.6608903797379773,-1.0,4.121096311753958
-0.240679824605604,-0.824003736037866,0.8675996680227407,-0.4326084458820677,0.9219045355731365,-0.06985751202811907,1.7767994767716364
-0.23920376799217147,0.6851850208990601,-1.0,-1.0,-0.44900032266798034,1.0,9.12871639110755
-0.8720533177751029,-0.02584054534679181,-1.0,-0.529573201659061,1.0,0.7678992413734061,4.853253485803065
-1.0,-0.8894195880888822,0.5285134412066899,-1.0,-0.7186105075358519,-1.0,5.481235014485145
-0.13244314520369072,-0.014216971366691492,0.08334817296423719,-1.0,-1.0,-0.32127196559430815,2.532586560503916
0.3692603178709106,1.0,1.0,-0.044726931937798586,0.5906826787420882,-1.0,-1.9405142594900475
-1.0,-0.5821037162257485,-0.45046069771024877,-1.0,-1.0,0.7088709173562575,-1.0055384402866212
0.08155496437170284,1.0,1.0,1.0,-0.13685692101432448,-0.6518860457966664,-1.6706980537289804
-1.0,-0.4439161851260023,-0.8406128619988078,0.26155328982658455,-0.9973466503932638,-1.0,1.112080038604926
0.2731534128396554,-0.09882443286819692,-0.5788660711122582,-1.0,-1.0,0.2178552941278511,2.4548521686688125
-1.0,-1.0,-1.0,-1.0,0.014328307791654865,-0.40130459849601857,-5.113617604251123
-0.27044412421464115,-1.0,0.14510655875604617,1.0,-0.6577616931586879,-0.32675801346222844,0.9976517158485328
1.0,0.3602888124591581,0.2325646617082069,1.0,0.3938451421724861,0.026336587302075,-1.0101750153128037
1.0,0.6310315519293128,1.0,1.0,-0.45834771622388637,0.24228632081554413,1.834954315952272
-0.9166232391776974,-1.0,1.0,-1.0,-0.5877230110671543,-0.7282568651746146,5.220642763320203
-1.0,-1.0,-0.11890387891614795,0.15252943159508026,0.905372825263906,0.8609004464105223,2.6971236778357546
-0.553448911944111,-1.0,-1.0,0.09666710260182176,0.20165323409931635,-0.5324128186901511,-2.107191022962213
1.0,1.0,1.0,0.3400230879066598,-0.7020240399388012,0.22236249503128735,0.31014467993342776
-1.0,-1.0,-0.735491492920727,-0.7947299982782354,-1.0,-0.9216182368797832,2.51186972532243
0.05003542614239476,1.0,1.0,-0.2155895943792696,-1.0,-0.2378323973528902,-3.067282931248137
1.0,0.636253872344825,-1.0,0.7262558558558407,0.8895283999569902,0.5667884019700372,-2.9679411070278956
0.5447088722395181,0.5743507247881614,0.6777160496429726,1.0,-0.9419124700108141,0.1522952629328712,1.5768350770832629
0.31316437603880487,1.0,-0.7540700756241971,0.445371915846532,-0.356584732240762,-0.2472125011074064,1.744365497226904
-0.1331802672966973,-0.4419384698597244,0.19177887721386785,1.0,0.7624796710325887,1.0,3.181221066332388
-0.5506081516636725,-1.0,-0.06990753128509286,-0.008719040114449572,-0.08769215947487152,-0.8401110783129648,2.9973297499207296
0.7231379582658555,1.0,0.08150917423100568,0.8205195590773202,1.0,0.9546773179356138,1.1283828330472139
-0.4176236123107382,0.6778679674195629,0.06485520873900319,0.5121219186003301,-0.12419621341299869,-0.4798270737617484,0.6017038941906065
-0.9636291294089392,-1.0,-1.0,-0.21902657292116232,0.5287485810236132,0.1263235042355863,-4.208245724282901
0.052794844988398704,0.7576008316246455,-1.0,-1.0,0.6183774324771434,0.5719127848756674,4.786121611878737
1.0,0.7137359558811209,1.0,1.0,-0.9148433204242272,-0.949995025548595,8.210369507146915
-1.0,-0.8682779815206059,-0.3175839713980664,-0.3922036869411014,1.0,1.0,3.5868233603267896
0.39534040794624636,0.04831616559256646,-0.802185430994451,-1.0,-0.5744054945554354,0.45724050319226484,0.6429621259478187
-0.31983882969983357,-1.0,0.21177243356272302,-0.15481764668714426,0.4264222712513064,0.8289516661189265,0.972416437950265
0.15418514150015927,-0.28282422127510787,-0.835544233585173,-0.5793874753304222,-0.46563864705157915,1.0,4.308620461619869
0.12776357132698327,-0.3042278788313272,0.6870883516266398,-0.03883196881589801,-1.0,-0.5979241575849287,1.2893003193993087
-0.8541790902319114,0.8235665816358273,0.12027858370391198,-0.6420199980760654,-0.5662126447949059,-0.07389531261848548,-0.746681898250978
-0.5930919852742059,-0.9506545686329049,-0.6999200911185944,0.10726834534063961,-0.4026428254093948,0.22640922870346852,-2.982688823302298
-0.10394120166473203,-1.0,0.32726951719596253,-1.0,0.03361138663067742,-1.0,7.4447643809763875
0.3611512663753511,-0.46304100660828995,-0.2875366805477001,0.9725385287634717,0.6359229405924025,0.07422622020918368,-0.5479509453088893
0.2525859360890622,-0.24040786245976986,-0.3830988734626053,-0.42606188397586964,-0.6669612837832828,1.0,4.904025737463009
-1.0,-0.328793971994257,-0.18401497738216344,-0.35576945443176056,0.1525112617390723,-0.4958219361467395,0.6410114024170684
0.4840219162276696,1.0,-0.8315922748760216,0.5079768005463072,0.2010453884945569,-0.8915977538371109,3.1578297735473604
-0.8206943761470493,-0.40408013451615515,1.0,0.349026917131328,-1.0,-0.7564217698015862,-1.9273845048168814
0.316647680126819,-1.0,0.7547983959928072,-0.3619776064484169,0.4332586534114322,0.22191394877299597,0.7027880278466789
-0.41917965174101224,-0.5206974753891562,-1.0,-1.0,1.0,1.0,5.542634659254903
-1.0,-0.4077964582266802,-0.35278884883590256,-0.2284762681364565,0.45099288878625443,1.0,3.7809029668160115
0.5445250536703379,-0.5589523915025737,-0.381595505362276,-0.5875948749466335,-0.606585958802961,0.4456321729864059,1.49606760899301
0.5022099150557562,-0.8753910114661154,0.40185380683990823,-0.295116252736885,-0.4450612067227899,-1.0,6.620671745804156
0.5294186360471601,1.0,1.0,1.0,-0.09443313140920359,-0.17765054614079634,-2.2267051579447203
0.0490657796091476,0.5959443907480182,0.06341627601847843,0.1085419732981896,-0.09238520787408344,-0.9590577758357832,1.4565329371466942
1.0,1.0,1.0,1.0,0.13952090912259385,0.36084045989142227,-3.833929775136572
0.10760683465690901,0.34707516488976414,1.0,-0.2630254084059323,0.6485533647411053,1.0,-1.6174046331321943
-1.0,-1.0,0.4511051371757365,-1.0,0.6291721342760528,-0.17533215565516866,2.1599199732465526
1.0,0.3331470542539501,0.6252391599221427,0.18567445275138206,-1.0,-0.5969380731803192,5.341285395956069
0.302722424456468,1.0,-0.29268160071573707,1.0,-0.030174139237816422,0.8199262904198309,2.6238405870972676
-0.18069141447529447,-0.5921259728245274,-1.0,-0.3485811476858061,-1.0,-1.0,1.3275741690191172
-0.472097706561345,0.11481885912663017,-0.004392095911288252,-0.1022364017591032,-0.35043973760276037,-0.7821382220147461,0.45882505557855396
-0.22690003895639405,0.9429039777384307,0.07778390580127259,0.6519006620473942,-0.9479987632275607,-0.12976090994213074,-0.09187824645909651
-0.38756500443167297,-0.5890129069815828,0.5431120890865462,1.0,-0.851553031884779,-1.0,1.2384418590306159
0.8274345996213299,1.0,1.0,1.0,0.6229255653717215,-0.2762819402899572,-5.936062461680545
-0.011959541673157048,0.062436010668316166,-0.17785618694057387,0.27589180924921586,0.5674434737989384,0.26784349660278184,0.9101896504234774
1.0,0.9230228003119995,-0.029123044422667443,0.45025426674374697,0.009364443118280663,1.0,2.6295561448650475
-1.0,-0.25385063163159605,-0.024718626188903636,-1.0,-0.5072320648194248,-1.0,2.082515100112462
1.0,1.0,0.08767479909835318,0.3065644550038852,0.6132776282642461,-0.5083823193899588,-0.32626370477241384
-0.7220068848230994,0.10823565903483391,1.0,1.0,0.5888962642765212,-0.8564651030582225,0.2557888143752823
1.0,1.0,0.5642145564408041,0.45073931612219975,0.9544504540389338,-0.3959521908779265,-2.8541150372256747
0.08797868369630768,1.0,0.02970063360303729,-0.5330595512689881,-1.0,-1.0,1.186907000325715
0.4247680959418996,0.24403146159871064,0.8482097361822367,1.0,-0.028348615687742162,-0.2565856456577613,0.3057117313449742
0.137005047730981,-0.22285370470931143,-0.04713255408984354,0.015486741063427067,-1.0,-0.697536760697139,1.0290753786422373
-1.0,-0.9988371431756218,-1.0,-1.0,-0.27556997985370596,-0.3402207648753538,-4.492209513348364
1.0,1.0,1.0,0.05235914739610681,-1.0,-0.9014699417403504,3.177263111522457
0.49949820146946744,-0.8062279004475332,-0.31089591334019206,-0.5696117472760911,0.11805528748236419,0.004905634706016959,0.20537342688597637
-0.7467234156688521,1.0,-0.0895891646777075,0.6466422284297242,-0.0995372796906952,-1.0,2.293867075805989
1.0,0.1431620499233014,-0.6063763256668033,0.023805736155249835,0.07911245499630948,0.558243529848434,0.5979839704256239
0.25575224200846036,1.0,0.9669259065295939,1.0,-0.3580238419888966,1.0,-3.782519844858422
0.24316475937244103,0.5143585812274973,-0.19524063253286383,-0.36754462782190184,1.0,1.0,4.5671949755782695
0.2912285763280842,0.31558750475045505,-0.25092796338867984,-0.26386021139551513,1.0,1.0,4.572102051254723
-0.9585214197204718,0.9206380653626733,-0.7190021918588052,-0.767474889068182,-0.4363934895073087,-0.6984404716688284,0.11292777107697205
-0.7676230600841294,-1.0,-0.4460774804738288,0.6168868247778816,-0.2114430847988507,-1.0,0.3127511844781713
0.8540968575692687,-0.5982119322638046,0.08027713157927091,0.5715210268755755,-0.5755269979060064,-1.0,7.442315945408598
0.8398838750825732,1.0,0.037793661782504984,1.0,1.0,0.412362207749128,-2.1214398904393
1.0,0.8528921527930403,0.2006188765365,0.4969552562054723,-0.8896481049451912,0.45890743587472127,2.800046835082603
1.0,1.0,1.0,0.7675603383485199,-0.42419259465739434,-0.085691811732312,0.25796879321818733
0.3346678392224027,0.15557186964964098,0.11948140614820343,0.7138309917828659,-1.0,0.5974087871624051,2.3808074709541915
0.3830481381953742,-0.6228717362859331,0.17793766492790244,-0.7327134492323586,-0.25781147709697927,-0.025238128015329514,1.0355912675577226
-0.5128665971653641,-1.0,-1.0,-1.0,-0.26991137845309376,-1.0,3.709221536945972
1.0,1.0,0.2081823052260925,1.0,1.0,-0.7746606373592465,-1.0590809310104232
-0.9271065215543822,-0.8864891564438608,-1.0,-0.8089394461945492,-0.5673062003507632,0.6394922667840797,-3.2503071564268606
0.11035746236113508,1.0,0.30349381992170854,0.39290605957105557,0.34602029240174836,1.0,2.141009530848679
0.07016358425983471,-0.6242672838705441,0.11277632712531731,-1.0,0.6020305295915679,1.0,0.0313137031019215
-1.0,-0.9750034924525244,-1.0,-1.0,0.8863735504390705,-0.6605274368060737,-2.1643361242269172
-1.0,-0.2769323652220739,-1.0,-0.8435263289398556,0.07715435184249339,0.15212531662134612,-1.485828765254549
-0.19788379944447265,-0.32242256239495115,-1.0,-0.719023507233393,-0.4581445704898359,-0.48780977101574,-1.2380273943489077
0.20887874235148307,-1.0,0.025480317454050716,-1.0,-1.0,-0.0653713588026611,7.276361794821063
-0.5741118277851376,-0.19417392372161735,-1.0,-1.0,0.043890061791226564,-0.5350489148438755,-0.18316767118488242
-0.7565957613281546,-1.0,-0.6885307512801546,-0.769505233278879,0.4568626856627549,0.45699673581490163,-3.0191407558911547
-0.335428277633641,-1.0,0.00917878672361605,-0.6410979128004659,1.0,-0.10159830162934214,1.970814923165753
-1.0,0.11042272780622359,0.13992245950407112,-0.3924624083238454,-1.0,-0.6641611709532584,-1.2617069752029935
1.0,1.0,0.9091539274739406,1.0,0.4653054358108084,-0.44047618475691164,-3.8175696641734786
0.3425723222357635,0.1096485848961748,0.6815015201016551,1.0,1.0,0.8128718676259057,-0.6604140607874781
-0.17224863733268952,0.8051042032578907,-0.8284546770430343,1.0,-1.0,-0.36132650095216445,1.5384080640485902
-0.8693210539836982,0.25907087675280893,-0.23016530823192016,-1.0,-0.31523262504746197,1.0,3.1206580199770246
-1.0,-1.0,-1.0,-1.0,-0.08493744299040085,0.9328344048608714,-3.7113333345361887
1.0,0.9502625398818558,0.2232150148924723,0.0647713332405977,1.0,0.35947539112517335,-1.9841637198145314
-0.189283875556914,0.6296093509325076,-0.6948176704512405,-0.8266036305526343,-0.049609155436713584,0.2673877013602123,1.1104423980080347
1.0,1.0,0.1350948935486141,0.978674964025779,-0.8851773009723801,0.3621611633729188,5.022986004390644
1.0,-0.31631290014120683,0.6433686301369256,0.8771809779860765,0.5352057040581153,0.7815695137236918,-2.7968724977257704
-1.0,1.0,0.3339848977358451,1.0,1.0,0.4517844840583057,-0.7363652163713609
-0.334263361766863,0.11317763638424383,-0.5041888430770252,0.49520374653823124,-0.013407768241494589,0.23978351961031275,0.49976516776372915
-1.0,0.06074198652587093,0.4746538705819614,1.0,-0.6274489997894073,-1.0,1.5962400294558567
-0.5893603227894979,0.38900491880145693,0.7330394000114377,0.9380636588408233,0.7884937709037119,0.7963026905118344,-0.08135409082243203
-1.0,-1.0,-0.22412309097641048,0.9842555841516025,-0.032969257103432015,1.0,0.6741382020515486
-0.909789108827926,0.38181271791578886,0.46663959780093395,0.804372561165983,0.8936814523543277,0.5590648617850272,2.102600342849475
-1.0,-0.3738026644485859,0.04812208637177262,0.19078597552663912,1.0,-0.09483766619443793,3.844971555629281
1.0,0.14773086504135335,1.0,1.0,-0.20135330864367795,1.0,-1.7686135861487102
1.0,-0.09411295336005177,-0.2414246810826477,0.03449888368902687,-0.7340812405055053,-1.0,6.1706902034844795
0.06970967056399646,1.0,-0.3102653388968136,-1.0,-0.12999457032765793,1.0,7.837642314789027
-0.8160530059145702,-0.6556055668442262,-0.8531695789627177,0.521130784143417,0.22122273959173705,0.6130033691333809,1.5026601123736922
1.0,-0.8898798569017639,0.5286669629484766,1.0,1.0,1.0,0.6325780379543766
-1.0,-0.05008111627259826,-1.0,-0.7034347455801448,0.18380480467716298,0.25521175350797376,-0.6902958818015427
0.36527952992207924,0.8932621092451567,0.48222995368329347,0.5981499325061643,-0.6262262613810762,-0.01227984791026171,1.0018496137837176
0.28846528771353275,-1.0,1.0,0.5842234297020026,0.31459262209436534,-0.6656550938950316,2.933053218677811
1.0,0.751338284382381,-0.4453197018911656,0.3726579863041462,0.5717161182207156,-0.9765778454244254,1.642252540595078
0.8327598470456069,-0.3479135283075117,-0.5357255191384187,0.5964254328376496,1.0,0.20423373270201428,-2.195191989984511
0.5234991239076974,1.0,1.0,0.8038031219402468,-0.5089110284725434,-0.3950279859136403,-0.7487061980835646
-0.3704204794344629,-0.18408093552900034,0.612544739688808,-1.0,-1.0,-1.0,2.0186514026333757
1.0,0.43560347610938766,1.0,1.0,1.0,0.24561650739425733,-6.093092895457872
1.0,1.0,1.0,0.18767361893101608,0.005851543135439563,1.0,-3.7627097058121213
1.0,0.4787522246669568,0.15934090097250372,0.17490587229636356,1.0,-0.5513739181523498,-1.1973570618327376
-1.0,0.44372771136195843,-0.123432678116421,-0.02697182144927046,-0.1947545356559326,-0.1636434940940118,-0.4868032871791207
0.32965079120359686,1.0,0.33228008248502894,0.7025429655042028,1.0,0.13139896233291637,-0.9213270934834936
-0.8065730063877858,-1.0,-1.0,-0.7896826620417174,-0.31877147900967456,-1.0,2.9489089456590385
0.7395357889928075,0.6325323540744401,1.0,-0.42126232257084884,-0.03916293466365217,-1.0,1.3229754761898243
1.0,0.5559788834426751,-0.1978103067996564,1.0,-0.20816223688733881,0.43676938804759313,0.7911520289395815
1.0,0.15236071880474777,1.0,0.7831400635349508,1.0,0.9516174105131701,-6.128331415467024
0.14518157598101628,-0.3114429074558537,-1.0,-1.0,-0.3218973245236785,0.5700228200321317,1.1321080273376176
0.8875967134314351,-0.8515218973457306,0.05390476346684636,-0.7088375560325044,-0.073106652379055,-0.9286982497826994,6.28083000703997
-0.32809804147951005,0.07590216492605162,1.0,0.2815373065350314,-1.0,-0.24322543611619485,-1.158297631136225
0.11511256204207343,-0.47159220171898797,0.49289974818751336,-0.7485688828299787,-0.40313771918183555,0.13498756757830174,0.18056881797571078
-0.3592866965641067,-0.22593501014069384,-1.0,-0.11326985852885091,1.0,0.6123250130528177,2.8705545773410845
0.536333015577281,0.7817631542780571,-0.5635833245946341,0.3162627807674515,-0.9057182687010078,-1.0,3.842119737360085
0.28245255687886095,-0.6650486751821458,-0.29552313470407643,-0.09776341008955863,1.0,0.22025028333008223,-0.4121489624761895
0.9454929904920834,-0.9390132419096076,-0.6941810531475756,1.0,1.0,-0.027989896787307067,-5.1455632196446
-1.0,-0.5882204744339365,-0.02911666592381823,-0.0185129840890651,-0.0904951464149043,-0.8030711193593262,3.5123699683732146
-1.0,-0.06089721188589209,-0.13111381640369776,-0.7401968895575584,-0.07377656708647018,-0.8925257151819093,2.372148916100658
-0.6858320874751787,0.9723579040058656,0.4677175844148117,0.3467229212370852,0.5350372937732113,0.8354923891074757,0.7538729328706378
-0.1957596617138555,0.3311331130042703,-0.24046888236963462,-1.0,1.0,-0.07912069835620923,2.1902423929997665
0.5976150368560704,0.9184990430341171,-0.3976047570450479,0.7697175293885562,1.0,-0.5886887275675701,-0.4035421382147309
1.0,0.5327482613957361,1.0,-0.6109422129442201,-1.0,-1.0,4.636208530441817
0.7123514962698118,-0.5955824861084463,-1.0,-0.1956749779133624,-1.0,-0.6244810745750189,4.536106434262933
0.5239142213188188,-0.7864196060114934,-0.025056648452174257,1.0,0.49239605245557916,-0.6993702914846354,-0.3321947318538865
0.8257058114645129,-0.6799919188723302,-1.0,-1.0,-0.18663777159231731,0.3837259265056051,-1.1592509489747385
0.547728458632446,0.5482886363637195,-0.08158612295918233,0.6819660500097628,0.12572019809960255,1.0,5.093407276629395
0.6359455353955654,-0.5828033194797314,-0.14245166278240734,1.0,-1.0,-0.45051277690024594,3.474886711913994
1.0,0.988714771427853,-0.12697691433377142,-0.6286609244965252,-1.0,0.8933041213934925,11.35801753030029
0.6652657225562522,1.0,1.0,1.0,1.0,-0.8711162131447233,-6.244938480336365
0.5918851541514073,-0.174204526457727,0.33788099236718294,-0.13300674127441736,0.3878544642285985,0.23884780240125209,-0.8404134239338452
0.3825775376124876,-0.7522768434098923,1.0,0.0553355066189693,1.0,1.0,-2.2478284617324675
0.7323861106059939,0.6545827412816436,-0.2418777449345636,1.0,-0.2545284196255879,1.0,3.8554939726488753
0.053640529196734565,1.0,0.7157389621287125,1.0,-0.4418049919155345,1.0,-2.211105468909271
-0.3401196675186552,-0.5863308297206709,0.38936746037137193,-1.0,0.7043914806721665,1.0,0.22126811517662215
-0.059040125282583844,-0.9568783046344569,-0.9729180422156896,-0.882453373044737,-0.45808710521071927,1.0,3.4202576075192974
0.22654104787872803,-0.7967152626678528,0.0697557216250334,-0.17677261954464804,-0.6060546535137252,-1.0,4.83810801214984
-0.4839044613524086,-0.32655031605155127,-1.0,-1.0,1.0,-0.3721124860330207,0.5041996916397893
0.14756317160416657,1.0,-0.11948832226614231,0.6046852922912465,0.3492458073371829,-0.5832799460742231,0.8377955031562818
1.0,1.0,0.5783932647767364,1.0,0.012384506337708712,-0.2773753016311469,0.8065370408313454
-0.713788812177861,1.0,0.6065833325995396,-0.8466497101805746,0.2987232721984169,0.300314084071118,-2.1134148315537082
-0.29075847755348183,0.2659406682099754,-0.38769774625133646,0.3446768598764472,0.36430690393108417,-0.9823553597317101,2.1235419637857618
0.7856119299210305,0.1001255435012721,-0.8035867319047947,0.03189393234100091,1.0,0.5121410410434526,-1.8456325909739155
-0.6891520420366524,-0.14140424755192393,0.11330892371184076,-0.36263279078499866,1.0,0.5478922796966736,2.305486242215276
-0.3678390592685168,0.0554813925868138,1.0,0.25936344688157104,-1.0,-0.348418121663511,-0.4445463006764181
-1.0,-0.2589745501792853,-0.23156370678613453,-1.0,1.0,0.48545618447600647,4.278377977766385
1.0,-0.35532505963323413,-0.7218231171498026,-0.44293021245389996,0.23792609992754982,-0.42317487778331137,-0.22698586733375598
-0.8148209800440056,-0.02481331954009991,-0.7756281790898814,-1.0,0.6748370296627955,1.0,6.650122242282303
1.0,-0.44064361338521063,0.28532327040307226,1.0,-0.17972265794312603,0.5062541294843194,0.9544616753753801
0.7927078266401671,0.2703368759693463,0.8368095679776402,-0.29373767593899314,1.0,0.2131837567272704,-2.200707390498841
-0.3238797496031861,0.5259614644634145,-1.0,-0.8518827357428835,-1.0,-0.680085579028882,-2.544512382605135
1.0,1.0,1.0,1.0,-0.5981596582070149,0.22451363713751493,1.8945997933079908
0.33005103240279243,-0.45345394620938895,0.3255424641212932,0.17535443781355797,0.8239701300840675,-0.3055560659883636,0.4345626179983592
1.0,0.6087304051628413,0.15713880915640188,0.9193290574643609,0.24279087932413512,0.15665942149367318,-0.630631170445712
-0.179205191285721,-0.14573641065781318,0.05983529526740644,0.27726370977021597,0.5718304333010317,-0.8771948889671112,2.75186948604559
1.0,1.0,1.0,1.0,-0.6971554693688751,-1.0,7.050152353347034
-0.4384323362405443,0.3674291630387796,-1.0,-0.8060598779874202,0.7606093945803409,0.17676259766513053,1.2719051898009512
0.2300978311182351,-0.9744313304010577,0.2039561894839384,0.06971645363721335,-0.5447624481024269,0.025040119332612576,0.30642335485315486
1.0,0.9844217817395617,0.34550024587969186,1.0,1.0,1.0,-2.2796195570679956
-0.030729874297798165,-0.44415046019248217,-0.1402904287459077,-1.0,1.0,-0.4411310822273484,2.652307278825209
-1.0,-0.45063229131485355,-0.5517514407630466,-0.8393740459015786,-0.336632066189434,1.0,0.4315499256442461
-1.0,-0.9594389037454585,-0.990042903030777,-0.07783217247902952,-1.0,-0.599702610567585,-3.5594408677247635
1.0,-0.9465355814089597,0.30393672850127007,-0.6193633565319148,1.0,1.0,-3.0122684858797935
0.7807024216219476,-0.5663461392487378,0.20469104884488176,-0.4230254805991378,-0.5407222672368597,0.5485531883559761,1.6812949308423868
0.5850793216165777,-0.007873075683083042,1.0,0.25569754255397026,0.23310828018472057,-0.06619760007213976,-0.8825867479525363
0.8802379413631188,0.06024086575947246,0.2135202519425522,-0.5841578976533872,0.12148277607677027,1.0,2.202458672132435
0.9120790075769705,0.379302100067509,0.22968591792083642,0.7973460390263214,-0.5773427799874897,0.6868591936156316,2.442979984228649
-0.36607373788615494,-1.0,-0.8510487409648744,1.0,-0.7464489918557186,-1.0,-1.3169571508091782
0.9196335281362225,1.0,1.0,0.9200845239678689,-0.27438601191094136,-0.6567405095246717,1.801229829982506
-0.0050035332115565545,-1.0,-1.0,-1.0,-0.24628640568995042,-0.4536801576717756,-0.9460506990657871
0.10747203469109387,-0.5950209418124786,0.08061873934803207,-0.5028563723108929,0.5872829965949238,0.3522766482376617,-0.002519091982925825
-0.5265337678612738,1.0,0.15050916578630477,-0.9240930408009289,0.9477702451606774,-0.8407214230940492,1.4960425792931908
-0.3521533577165364,-0.4984064825858952,0.15346079796885936,-1.0,-1.0,0.2884493825190061,2.1166194103364715
-0.30473218744642055,-0.9103358401449331,0.04313596733589868,-0.3375102346929192,0.34230505730904415,0.047779242813072165,-0.29169001584561655
-0.04651266560631173,-0.1476496398313203,-1.0,-1.0,-0.6199325351563693,-0.9358053982720833,2.0587715218444504
1.0,0.03674276683788019,0.552834185856919,-0.47081393941023597,1.0,0.2839700497079125,-2.5324608369437156
0.5972478616994505,0.1811633492307112,0.9660793913433189,0.5731984669145325,1.0,1.0,-3.4469622953442354
-0.32738099089071504,-0.4511745921591599,-0.4529710031491497,-1.0,-1.0,-0.9554182459295111,3.289724083956111
0.4911569284120765,-0.011644986585833739,-1.0,-1.0,-0.5481633592149238,-1.0,2.313508532544895
-0.5237388025018009,-0.2619929559254434,0.9206364709422665,1.0,-1.0,0.14915872564041566,-2.984252020230703
-1.0,-1.0,-0.9800928819149243,-0.092529436254561,-1.0,0.724323305478104,-3.1812179074344256
-0.045148823899581636,0.26153231765141477,0.04819136924533357,-1.0,0.9690741349250207,-0.43283475358661316,2.0683206831204375
0.28826578045143747,0.29401588517509386,1.0,1.0,0.4890800582344885,-0.35135862408872326,-0.8394495770476852
-0.6062254687716269,-0.12058734023976642,-0.05947064905780014,0.057784442578506096,0.5357717451693638,1.0,3.156635973803886
0.26568159132726143,-0.8987589681419432,-1.0,-0.26212260262690507,-0.3149431844253978,-0.04724553800004205,-0.9557649794892475
-0.7582739743930564,-0.4782522975205692,-1.0,-1.0,1.0,1.0,5.605578392351042
1.0,1.0,1.0,0.6390114769751997,1.0,0.3865731283441487,-7.6872074198776765
-0.40565107874393347,-0.19242355400276678,0.26702499347046804,-0.29607054523824816,0.007292857815519027,0.3384902977088653,-0.23161235474487446
0.5398192666000505,-0.6185329325165863,-0.3149660677137974,-0.16514067186520798,0.7735423330523674,1.0,0.5759137734485636
1.0,0.28591290947473913,-0.48365895293527805,1.0,-1.0,-1.0,6.917423841233759
1.0,0.8129549480399794,0.144411084702506,0.973714927046673,-0.12969566170007307,-1.0,6.262814434358976
-0.1946123709541716,-1.0,-1.0,-0.7753870447011717,-0.2435944019591314,1.0,1.2976859349160494
-1.0,-0.027628590937879283,-1.0,-1.0,0.09754683638494592,0.056248785402296164,-3.2037979872851494
-0.10323065850609711,1.0,0.5435379361214777,0.13213190793681392,-0.27962678566507904,-0.33021618339413916,-1.00108881598169
1.0,0.468136946622705,0.07396035026143766,1.0,0.28410506448119455,0.9664503122145954,1.6264366290315473
0.00418641954554011,-1.0,-1.0,-0.20852849129783654,0.7858367711246625,0.17865949680243953,-2.793447395389713
0.17331589021203264,1.0,0.6402427930415249,-0.4406972997582933,-0.14857341992446635,-0.9309183530806424,-0.15349912825913026
0.6445149968670809,0.3471546175357958,1.0,-0.22049293844580914,1.0,0.8497597356008759,-3.7466762836963574
-1.0,-1.0,0.04802932601585613,-0.6175672555225713,0.2782886573383765,0.2333791328833981,-0.1569247188385134
-1.0,-1.0,-0.5692829050442028,-1.0,0.2177578114420815,1.0,-2.66901077997623
0.06811264907170617,-0.1357590260090727,0.35200386740157463,-0.6347026616555556,0.7203740278289693,-1.0,3.0044518929936634
1.0,0.4077756731131028,0.720196926198921,1.0,-0.13815674724470253,1.0,-0.8596802605936595
0.9010128145771901,1.0,1.0,0.24010294992982234,-0.4881922329734921,0.5858752758353202,-1.9003826324604518
1.0,-0.10596684763203656,0.6628470130979649,0.9775706334012222,0.6474505606286605,0.5927164606107367,-2.3648631338170327
1.0,1.0,-0.4788675504611696,-0.29335655491267476,1.0,1.0,4.8026040802689565
-0.7622491843855818,0.3870841056413436,1.0,1.0,0.059951596303958965,-0.4053095404848836,-0.2916616187184765
-0.3656950571229769,0.43915228946893825,-0.14429072026445178,-0.4259936538722939,1.0,0.09453582084735856,2.021075754442845
1.0,0.08120595171437338,0.682739953215791,1.0,-0.0648805531332162,0.34892211902167936,-1.4757843838567952
1.0,1.0,0.7941173392221179,0.8467668612830659,0.4688827998206594,-0.1291576247495153,-3.3785422435007244
-1.0,-0.037441398098909784,-0.2356448630228889,-0.5913863489911506,-0.18578328694312243,0.08009660386019268,-0.06837668748525738
-0.3088250175363141,-1.0,-0.04488856638861849,-0.04643892574115882,0.08149872628699784,0.8986168674779591,1.2774242660591073
0.15454969626806658,-0.7780823559900252,-0.8076354107944811,-0.7737637399698427,0.5430640044899615,0.8856775112118304,0.7027391384222983
0.19668036046363338,-1.0,-0.39210899273912253,-1.0,0.04477484938622045,0.9487996485216681,-0.9824577774472295
0.28779643975086944,1.0,0.7195510814428183,0.015230360329680837,-0.04854982374720257,-0.30873451071083474,-1.8566582458552958
1.0,0.03874598754616243,0.1587813875751698,1.0,-0.16033954167889208,0.04440239493079606,0.8229025754250402
0.2749850848563036,1.0,1.0,1.0,-1.0,-0.5491497460404413,0.4524709213529754
0.41898115232678185,-1.0,0.6231270495254785,1.0,0.11991964344178235,0.014350938031191085,0.7872637931791727
-0.9013262382019787,-1.0,-1.0,-0.7183025379685806,0.16112469736923807,-1.0,4.3978559403823985
-0.7205549359445218,-1.0,-1.0,-0.40379049419658575,-1.0,-1.0,1.8993072480466582
1.0,1.0,0.6482633343339377,1.0,-0.1820935675240687,-0.37232338110779406,1.9586278424927661
-0.5327887788274355,-0.6270839365565465,-0.5859055069812327,-0.4525510346429418,-0.11760536032032276,-0.008397025230343358,-0.6992454979356868
-0.6199254325025509,-1.0,-0.6716648145066575,-1.0,0.8167350893388476,0.7981849420567377,-1.379448766327923
0.011745297690264889,-0.3743448377302119,-1.0,-0.49208063583239325,-0.8103862526573883,-1.0,2.7323756942635633
0.49109018955200556,0.8121046208965605,-0.07775510307173605,0.5833527555795088,-0.11456335471003297,0.0908833065671647,0.8670414086012899
0.015224577692046881,-0.5517164823874082,-0.5407277327477137,-0.725655571084693,-0.6497260604907089,-1.0,3.022942499564425
0.8341649542846459,1.0,0.8631109888093607,1.0,1.0,-0.25660920995776887,-3.988049557212719
-0.39453195056318635,-0.611765924690695,-0.4219029393311261,-0.2943658276974228,-1.0,-1.0,1.8078541302057047
-1.0,-1.0,0.3069453873238034,-0.7578973611377062,-1.0,-0.37710420951824325,3.2101802099437466
0.02002924749107382,0.5969514719301632,1.0,-1.0,0.1621981307060142,1.0,-1.8671736737228726
1.0,-0.34784265337916304,-0.18303684691544042,-0.4103642882973224,-0.6995030502911251,-1.0,7.165061824204464
-0.36235469896501127,-0.5563306763235265,-1.0,-1.0,1.0,-0.6334113956853747,1.0565833053986777
0.1737892168939084,0.530305653543888,0.7517437202016988,-0.6841944530177284,-0.44279665109728705,-0.39304628373461975,-0.334223671814098
-0.7464365101242905,-0.24940378101574873,-0.47310497523539924,1.0,1.0,1.0,7.255594632321825
-1.0,-1.0,-0.2503643673929184,-0.43485617297868906,0.24506568293616482,-0.4810539411415448,2.090787144904719
1.0,1.0,1.0,0.5318138659719176,-0.9030850530942962,0.25155486567986296,1.7199686150503892
-0.08824045592280216,1.0,0.19482929487334472,0.7029124355718436,-0.8437646541064587,-0.2977050174755056,0.6974927859634802
-1.0,-1.0,-0.35991190326596056,-0.056952330742547685,-1.0,-1.0,-0.7772997558399677
-0.514243995631149,-0.8396266726010613,0.44035949597899704,1.0,-0.4126393312422676,-0.8491611447618512,1.7949969635381442
-0.5249031346301718,-0.6293862983253518,-1.0,-1.0,1.0,0.43939229974701105,-1.4918735484733043
-0.23035753666200498,-0.8264826747864202,0.4445723910890892,0.5555372128127399,-1.0,-0.6184620103531979,1.5493055275539325
-0.16476933821582507,0.2510175105335484,-0.48075853268741847,-0.1174189403414185,-1.0,-1.0,-0.1700179094639236
0.18398005373379883,0.474789416036416,-0.5462744196627034,0.16777395787780647,1.0,1.0,5.515600519241067
-1.0,-1.0,-0.18453611017900062,-1.0,-1.0,-0.251028689317194,3.6628330072275563
-0.13309737072247596,-0.2904871637731328,0.9495757570662815,0.5272276557005662,-1.0,-1.0,0.8450081747726771
1.0,0.5596717498608892,0.777093360610136,1.0,-1.0,0.6554492875483584,4.075194815082369
1.0,0.1187942317680089,0.7340622037149808,-0.19576506117422451,-0.2237240821714201,-0.9248398224191657,6.114795932750844
-0.7458711753862357,-0.01685365336065242,-0.4076447347525624,0.7557022528168171,1.0,0.7837608627272046,5.398636009740033
0.021775756382244937,0.6465300012705584,-0.20595802960846388,-0.0011949995037884298,-1.0,0.941858603685937,4.921841223378164
-0.32470101212107316,-0.5388160759657743,-0.24279775041288243,-0.17305375072734308,0.7920828032458276,0.7739512818503327,1.98108899124188
1.0,1.0,1.0,0.5114811711217855,-0.4033800695899402,0.4203881127053931,-0.9405075244826551
0.7969414100649931,-0.011685848018599475,1.0,-1.0,-0.12405049080295849,-0.07109936809198689,-0.5714939837327762
0.008056329488911468,0.04704597193312793,0.7537389090048188,0.5036074500932487,-0.28605346445917346,-0.929357059614603,2.922606948026847
-1.0,0.08333574260998955,-0.11055392006078935,-0.42255064389767977,0.1382496885791316,0.6859971537047509,0.8833372389760055
1.0,1.0,0.6175141450292132,0.3738967173586978,-0.4167862789683492,-0.3018186781430925,1.4959659653560893
-0.698934464177994,0.14980156004391376,-0.3161419454889595,0.6371225632578529,0.927049656498769,-0.5054792534862133,2.3211845796407955
0.16341842774607895,0.01871602143686646,-0.4873894111571902,0.8234773993151757,-0.8687608573088401,-0.6989539687025705,1.3914256059253287
-0.7505547807353962,-0.6765409104098679,-1.0,-1.0,-0.4554603955995743,-1.0,3.63302574560633
0.7834848438740161,0.4745799644215516,1.0,0.11784545708342908,0.41228705004465227,1.0,-3.695909757901572
0.33079313340063066,0.6502685939677815,0.14204946524896866,0.6380948724167758,0.7618992361777847,-0.24813881217846268,-0.604903458979111
1.0,1.0,0.4818593132828555,0.5439009267291224,0.251318859173978,-0.8255130265674885,1.6088686664533478
-1.0,-1.0,-0.7615162070717258,-0.16990129063307524,-0.6053069632040409,-0.2747315871335511,-3.7814306662269237
1.0,0.4490217906520443,0.5140765602725136,1.0,-0.5869957224602014,-0.12272173313313917,2.2670739527114048
-1.0,-0.9968974915604609,-1.0,-0.6858544430440583,-1.0,-1.0,2.3865168124163545
-0.787499061503675,-0.07510761710769687,0.6330340864884089,-0.46901348115634167,1.0,1.0,2.4214680472174854
1.0,1.0,1.0,0.3249459524540512,0.8755886131021499,-0.5806665508227935,-3.937742462813651
-0.43608039349051,-0.15294691138432237,-0.9042395424125502,-0.181409809847614,1.0,1.0,7.680819552503165
-0.9997163091748253,-0.5019667104655469,-0.1124608363074398,0.36894409141907797,-0.9004469687038603,-0.5622619004492743,-1.1131860647464666
-0.8963655993817918,-1.0,-0.6479606519947719,0.10001938406713717,0.29779769081782603,0.232756821326094,-2.0411828022057286
0.40233983140055174,1.0,-0.2917742856628398,1.0,0.9410352263733904,0.424355386417118,-0.7721066092055507
0.9493231282123502,0.10541127831438024,0.1419082397269108,0.3746202983406981,-0.5861784201673632,-0.5129936095063827,1.9602395911847266
0.2487084641295878,0.5690024722888519,-0.08236977595142425,0.03594485658141733,1.0,0.10131377834953181,0.19263289763522984
-1.0,0.876475754725754,0.5511201825839044,-0.4122045977702171,0.8835326409377577,1.0,2.89474107804314
0.8109346608341075,0.8573748503522005,0.34868249499247295,1.0,-0.882688103419406,-0.3695529559618979,4.63535709786565
0.6370007390267747,0.658393350989087,1.0,-0.9837038909909976,-1.0,-1.0,1.7959798786768473
-0.2081454619713351,1.0,-0.06975534823851826,1.0,-0.9862098815307017,-0.4539335337791508,3.0499136104720503
-0.19467202867963782,0.044184918203986207,-0.05509610665032244,1.0,-0.458636470035967,-0.5692525431036559,0.7018471473797554
-0.2716050021861083,-1.0,-0.007549332109736406,-0.8881467820443352,0.8433692606269337,-0.9146002933058497,5.672946760145426
0.7536295816614637,0.5631643979658805,0.3819677778644064,1.0,0.3761002705673919,0.03286940502810598,-0.9557287593369759
-1.0,-1.0,-0.011622506667780641,-0.6044433758285795,-0.9041563364431086,-0.5423133674992194,1.6812943878690632
-0.7139387123322317,-0.7908376112060531,-1.0,0.7579675413962381,-0.26604930114566394,-0.6452640752759413,-2.505238219968546
-0.7393202243491472,-0.002711204510872256,-0.4282570227355579,-1.0,0.2035757368199202,1.0,3.6067594191603893
1.0,-0.5308414153464844,-0.6546834628758336,1.0,0.8042175402551572,-0.9202741733403985,-3.089405740558521
0.5816114281400409,-0.8126474059540345,0.8640510636575198,0.1410741800841815,0.7648347165197557,0.18030743936859928,-1.3430765354972931
1.0,1.0,0.19658719714394723,0.9066081679937021,0.31117244129172816,0.10255983441905125,-0.8031001713043118
0.33181405154779936,0.5991969197695521,0.2856531517571941,1.0,-1.0,-1.0,4.965947225963352
0.3080896212817624,1.0,-0.7459271855744384,-0.1997640009583601,0.15979548641818164,1.0,7.981916287418734
0.9816160756170293,-0.12260013528041935,0.7244397989010076,1.0,-0.9307117029005422,-0.7733736487836109,7.742726492687279
0.4139294718480439,0.5506099047689277,0.4161108897872129,0.9486164807405217,0.6868581890880867,0.393004663817203,-1.0677614340335189
0.49932155625739094,-0.6291163045656556,1.0,0.2516626374044839,-1.0,0.6432814069378266,0.4547047007515407
0.7974105926104553,0.6758583793517888,1.0,0.21814255000335048,0.6875031094587154,-0.3889028271438745,-1.3333305065475234
-0.5380565447010021,0.39233140377331677,0.5138547382667178,1.0,1.0,0.2617622614710604,1.296239953780438
0.633302877426535,1.0,1.0,1.0,1.0,1.0,-7.3899901836570026
-1.0,-0.008832645096784386,-0.6508158678284994,-0.9024867749350864,0.5516263150044362,1.0,5.468902893884542
1.0,1.0,0.19650020027482856,-0.6773803654545248,-0.06446998343394106,-0.43551211824409686,0.8386601837964247
0.33667006249070963,-0.607385392225182,-1.0,-0.45182436762947664,-0.16992683323431113,-1.0,2.684741122306724
1.0,-0.053639337141987875,0.5466166910471539,0.5202483066988515,1.0,1.0,-0.9744645536238319
0.6161023174291924,0.5833935538831875,1.0,0.414254020712995,1.0,0.009681273504459686,-2.340980350947957
0.8759557839530479,0.5919121224837114,0.35531961677885027,1.0,1.0,0.9269137643848844,-0.20280110416745856
-1.0,-1.0,0.4890443997941928,-1.0,1.0,-1.0,10.093888016851713
0.4571357111097053,0.2174212885357052,0.8883700044135849,1.0,-1.0,-1.0,5.599778953439847
0.573359346088193,1.0,-0.8827327224214072,0.9964088351340213,-1.0,-1.0,8.589289935240448
-0.6731640967308943,-1.0,-0.3986800734547793,-1.0,-0.28767524223843033,-0.9902285197758605,4.403296201087413
0.572003794345088,0.4589570355161543,1.0,0.9156947538580773,0.3670057511348258,0.683059069252446,-3.7259170689006536
1.0,0.8253180508103083,0.8351258105132116,1.0,0.2773962887134809,0.3025586963197969,-3.4206802573716035
-0.7694666725787278,-0.7428260220328822,-0.19763037672145867,0.39378387054601127,-0.14239272661328023,-0.893943135078319,2.581726146645532
0.2666011670686275,1.0,-0.6565421701503475,-0.05992959534627601,-0.6934128310008199,0.5282897212350832,4.489204678081
-0.7672231249830832,-1.0,-1.0,-0.7414964353840563,0.277042700017495,-0.12583921588576485,-4.956901488358042
-1.0,-0.27122276168357673,-0.648063017536898,-0.5035641604793465,-0.8106938090669125,-1.0,0.5749617318478112
-0.2083262494165985,-0.17795695631863218,-0.6045216847386798,0.2767866806425403,-1.0,-1.0,0.4948722709943716
-1.0,-1.0,-0.03927020313411944,-1.0,1.0,1.0,1.5404059400533492
1.0,0.11503586081718331,0.45885088215740666,1.0,-0.5810035385499037,-1.0,7.811562762938367
-1.0,-1.0,-1.0,1.0,0.9661899876805009,-0.014592612311033593,-7.15124540328266
0.47616491503608493,0.01436476803585579,0.07948161533331177,0.20627680837466433,1.0,0.4763813171180624,-0.8371455928673834
0.9855188065821201,-0.8603962460073564,-1.0,0.39581950858562387,0.2315614896931282,-0.7264050134779645,-1.2927755585346539
-1.0,-0.01231388295823238,0.12527692991423361,-1.0,-1.0,-1.0,0.44963954226898
0.44122364575083306,-1.0,-1.0,-1.0,-0.6063915054791009,-1.0,6.2890531435513175
-0.5074483161039286,0.9655826892990873,0.8778084820021136,-0.6401086098600669,-0.24276226372472604,-0.1928995795407673,-4.248084213691611
-0.10050215813877952,0.15745747313794223,-0.4914421459247953,0.6212201510896919,0.412928027807987,-0.05860648369421309,-0.09477794251001415
0.0016676151277215112,1.0,1.0,0.7239811853175203,0.7651444349780516,0.1462810558695577,-5.329333779498566
0.719576708191088,1.0,1.0,0.6996839388125236,0.500619869347684,-0.3064452961258276,-3.642349121189697
-0.3138761196623405,-0.3585093801364716,1.0,0.6794876809649886,-0.039942147568660546,1.0,-1.4413570407020813
-0.8700386932306334,-0.4364212867321937,0.3156610872911259,-0.7314901569829337,-1.0,-0.0820221572172215,-1.1242526649732292
0.4766126033912589,-0.34696194156862536,1.0,-0.27003802301497554,-0.5993721144133977,-0.26576723881937125,1.9976903911620352
-0.7526454287986292,-0.5254892893428713,-1.0,-1.0,-0.4574318212093713,-0.9391271682182762,2.633041626339309
1.0,-0.40762908530274394,1.0,1.0,-1.0,-1.0,9.483289858057596
-0.43814993594102736,-1.0,-0.4143710218944051,-0.306961252083463,-1.0,-1.0,2.0061107506252194
-0.8069143277879681,-0.49739480317814566,0.07618140667521667,0.6077426897531408,-1.0,-0.659742806984122,-1.3283156375035703
0.5039921634027047,0.41202716959385705,0.4700010495960713,0.8353330606303253,1.0,0.1785465467553643,-1.2882800388130033
0.14674263760120476,0.2640330529523871,0.2951670213513713,0.07270496649080727,-1.0,-1.0,1.8341168064384903
0.6452206486420251,-0.34489437204050677,-0.39567943112313375,-0.9875501112725027,-0.16008547826751574,-0.024831446646410238,0.3745752418862079
-0.3259626964302773,-0.9846669290037362,-0.7101149973714418,-0.4963416069712714,0.03282991863711404,-1.0,2.463646408514338
-0.3010963881342188,-0.07509252672054492,0.6940989147907174,-0.20924520827757087,0.018156356994744438,-0.4638494053284802,1.212301184611159
1.0,0.17276918676695385,1.0,0.049304600132275,1.0,0.1575291652180962,-4.572971192386559
-0.5170231063051715,-0.5156684308700725,-0.6256750609843236,0.044892250000539535,-0.28594179214585724,0.24526918249239094,-0.5109150788325567
-1.0,-1.0,-0.8147799733364608,-1.0,-0.0742370914601942,-1.0,3.0486761905998927
-0.3520098774300913,0.7968134600282277,-0.37911314728776646,0.5894483593300718,-0.38994065017290064,0.0511547615425324,0.5424944850446956
-1.0,-0.3359657197957576,-0.8085125278060588,-1.0,-0.44424770000747116,-1.0,3.628865022806746
0.6098101232103288,-1.0,0.09103567236140164,-1.0,-0.4770805592437388,0.9014421895209765,3.467603747871201
-0.7654528739607372,0.4342469363832447,-0.062297059746983185,-0.7489081120236787,-0.0927701631519895,-0.5323198133059885,0.11348348339777731
0.9838643308309386,0.3753624474463938,0.20447871641018656,-1.0,1.0,1.0,1.640158859312797
-0.3661392546795439,0.7927987011088766,-1.0,-0.6299871182881518,-0.3112677360301678,-0.4080684974341973,-0.8305800685290066
1.0,1.0,1.0,1.0,0.864192072529501,0.7408102208888754,-9.18451715068533
-0.4819988818580836,-0.5587085467022679,-1.0,-1.0,-0.9423458518017052,0.37694716124564986,-0.8059599578616359
0.9846076654753554,-0.15166046746854853,0.7308819928135831,0.030446947527404455,1.0,-0.9039619762453839,-0.9336825918476874
-0.8959727818408134,0.510463029559977,-1.0,-0.42328866794150644,-0.42011590871526294,-1.0,3.6864379590811076
0.8168977113427056,0.11898473143779234,0.13436001900840044,0.9125105290174125,-1.0,-0.26644087279693796,3.56068434322479
-0.8099338519114175,0.15661713600061788,0.5429606451066606,-0.36000520752937626,1.0,0.04919718689096708,1.7119860456907128
0.1760974134426681,0.03721307144466113,-0.5693922126596849,0.5953165393112614,-0.8597443766706756,-0.686160727586011,1.0218059577053524
0.3003190341119326,-0.8386105870204276,-0.20783037936943094,-1.0,0.8266404513832476,-1.0,5.877184833977168
0.2113019073011258,0.07086136888250869,0.36232325411497573,0.35513009171667903,-0.26914624413447896,1.0,2.3756180909009648
-0.9970835041586505,-1.0,-0.4733817472945163,-0.28335342417518233,0.29278217659629857,-0.2133160394822302,-0.672473980514399
-1.0,-0.000436730890139847,-0.37344456408082616,-0.4712777001755293,1.0,-0.02593608767455985,2.5454796310178107
-0.7665199995210622,0.49236950915957806,-1.0,0.5063036609884584,0.39966236290387136,-0.112149962436987,0.6391829767910038
0.5168058622883862,0.8491985028996779,0.8647950055601434,0.18209002214511738,1.0,0.13909270771296198,-2.29514479647488
-0.7295391789619543,-1.0,-1.0,-0.5708529738577728,0.847931800784583,0.466332665767415,-3.7746419648323526
-0.8129163111448668,0.004686409417630294,-0.5432078163863028,-1.0,-0.5286547239043009,-0.41792215941917665,-0.8828941011409226
0.20725126986621123,0.43879034013870677,1.0,0.21729413498267114,0.42477692383949617,0.8996998501325844,-1.1466631914795424
0.03292302830750682,0.7804631047018845,-0.10230541845994728,0.4635775787719667,-0.8353397843311143,-1.0,2.193033423526261
-0.49034056673418275,-0.27440868123800716,-0.7094345969545622,0.19573360952702717,-0.458462052616427,-0.922535124619906,2.415070524186002
0.31290362389414234,0.031877656953563815,0.07511909826234386,-0.4600636301750156,-0.8420853479047825,-1.0,3.029610099426209
-0.42137544979356645,-1.0,-1.0,-0.028183739700234134,-1.0,-1.0,0.6834078491606065
1.0,-0.36326997572155384,-0.000865749545065464,0.5138962885180032,1.0,0.377164008701,-3.078095493055938
0.6895496114451154,0.2654341764641095,0.34430868461989705,0.5011023749161625,0.1891092970578464,-1.0,2.8670453463948413
0.9249348849868275,0.35368850519215744,0.8465940820870228,0.150623553636954,0.6461865064877039,-0.668726106115956,0.03267051040977581
1.0,1.0,-0.3124922516633768,-0.31402599342281484,-0.2649123622433609,-1.0,3.758084088034745
0.16883677212198112,-0.16297460199794056,0.00742427386366947,0.5996069153807942,0.4155526668489064,0.032887385236474165,-1.5189593555852703
0.6840034643131879,-0.4637312631876132,1.0,-0.05131222622126608,-0.11858859404349775,-1.0,4.016730770951779
-0.29724240421882164,-0.08730100762336646,-1.0,-0.8340974296923124,-0.4765234635509399,-0.7170306027612052,0.21888252745911907
0.39678226428156577,-0.16363403618074662,0.6722899840612101,0.18503133137960154,-0.25483332080352294,0.2528411298874632,0.603821483626724
1.0,1.0,1.0,-0.05812447250938224,0.573155374640614,-1.0,-3.508726789359666
1.0,0.6285450974097797,0.8063829875094641,1.0,1.0,1.0,-4.731731497269445
0.1218398971505883,-0.7564128341355572,-0.623678567074411,-1.0,-0.3065893094014981,0.3799487755389709,-0.2182448353418691
-0.40716447597245764,-1.0,-1.0,-1.0,-1.0,0.7778274889094333,2.5553868392808528
1.0,1.0,1.0,0.2157185217406632,0.18598014219830628,0.13898103212497648,-3.3758085442808987
-0.054974071607779354,-0.5528185999577794,1.0,0.4028479323894901,0.19620607229878384,-0.2625994280436969,0.018997182469792318
-1.0,-1.0,-0.005523009272474733,-0.10688382093197957,1.0,0.8231475090710486,3.050852548318912
-1.0,-1.0,0.43573164742830495,-1.0,1.0,0.29709085114409106,1.7025928671019233
-1.0,-1.0,-0.7367482952534814,-1.0,0.63828233638372,-0.3915649328565096,-2.7598109754405895
-0.4078057425098981,-0.11648980262286135,-0.1394131118307838,-0.49922395874458136,-1.0,0.2524401051875067,-0.2639787561937409
-0.6678917883014824,0.8019197318918562,-0.40971424386299754,1.0,-0.7435260431928785,-1.0,2.1199802389945384
0.9469041561300036,-0.27287249007927383,1.0,-0.34249744577521185,-0.39661184041970815,0.6771565260955893,-0.10042068494085196
1.0,0.790072368586751,0.4732184425878474,0.9681622914563845,0.2497719179533966,-0.38401695867597135,0.10993802120367593
-1.0,-1.0,1.0,0.31974098622649555,-0.025162831345202585,-1.0,6.473336049550191
-0.5865845421116985,1.0,-0.0884299041555966,-0.8347005635580063,0.12313708511013721,1.0,4.69076829009572
1.0,-0.4232047736748893,-0.6281998605343295,-0.02431187864174772,-1.0,-0.3878509205876528,3.6643468849794245
-1.0,-1.0,-1.0,-0.7957913164239581,-0.28683055513831923,-0.2217661263290449,-6.114971003656837
1.0,0.2775004042050878,1.0,0.3632536600651952,0.26626614395595183,-0.5617917144744292,1.0153546766331474
-1.0,-1.0,-0.7430813992382859,-0.2685172333912025,-0.05272134444338206,0.14563636280260317,-3.852066134602321
-0.997161482084254,-0.0858185078872562,-0.22368170463460135,-1.0,-0.5339275847803994,-0.8046144720519108,0.8549814637742824
-0.5441118154407831,0.5567164196838994,0.7682595801819394,1.0,1.0,1.0,0.789146991307051
0.526756469089382,1.0,1.0,0.7714927001496257,0.6107926749029067,-0.7487915725178064,-2.4815840619834777
0.04845050981165655,1.0,-0.9919853456636327,-0.7020541225329492,0.9388207801518993,0.20014412929679026,4.05074758995653
-1.0,-1.0,-1.0,-0.38713448307613313,-0.3372176210694229,-1.0,3.6817432236323597
-1.0,-1.0,-1.0,-1.0,-1.0,-0.4298206945720433,-0.7459456828758635
-0.8849153392307403,-0.1545659598854538,0.2084761550194414,-0.708292496500009,-1.0,-0.03316909829066206,-0.5718369408696738
-0.9135943792262529,-0.40776121802406573,-0.14310597169328987,-0.39382475693952473,-0.4713124723686675,-0.014459487126519316,-0.6630927776081168
-1.0,-0.9324036218732723,-0.8885194513572843,-0.5055596806734248,-1.0,0.4677482425037307,-4.612814629992234
-1.0,-1.0,-0.7999041429129949,-1.0,-0.10229703862216422,-0.03533492636737412,-5.505563376508722
-0.019916436783870922,-0.859218745721996,-0.3315407931974952,-1.0,-0.8545305260694671,-1.0,6.9251181098581
-1.0,-1.0,-1.0,-1.0,-1.0,-1.0,4.9621508855314955
-0.6081150670000129,-0.19829317752575476,0.12659032940230042,-0.5687168805281531,0.127710134432017,0.7212604172162977,-0.2631415873873178
-1.0,-1.0,-0.48621815613092223,-1.0,0.1994818876239336,-0.798997815992736,1.6730852489037162
-1.0,-1.0,-0.6702886226925724,-1.0,0.04506396414268976,-0.9566256420596072,2.5268192945638646
0.6872666752247204,0.3708503925636861,0.5926254810468459,-0.11397190061437901,-0.8603398491992676,0.11862938310178406,1.0936584432040695
-0.940441732430428,-0.150698112194796,-1.0,0.46969412070495303,-1.0,-1.0,1.0631786542943646
0.3772988917901603,0.791363491225929,-1.0,0.9977522326514823,0.14975501345119424,0.18607225752901102,-0.7432643735855843
-0.6681544726049073,-0.4071303082251342,0.5302622814750213,-0.5327564060277798,-0.17583291735972595,-1.0,3.4550443497707537
0.4184997674966633,1.0,0.020785377214201928,-0.22350264181253737,-1.0,-0.0026929032415010656,1.3802573652317212
-0.4411233908627774,0.5162514661165785,-0.7615192758165701,0.39412028960882006,1.0,-0.06669729575864014,0.5034786962923012
-1.0,0.5947184416002687,-0.06755422866319115,-0.7761427878554701,-0.4844949773228452,-0.2868279374279124,-1.0512290193713936
-0.3634584527489214,1.0,1.0,0.9939647212259705,-0.8045343559122631,0.40463760589645154,-5.006733607887608
-0.04605095404642778,0.021513491450117606,0.5586045748348507,0.7551956078251368,-1.0,-0.33318723176811615,-0.0815867189134114
0.12656366408997133,-0.16682891361655305,-0.8165267340211906,-0.985264720619391,0.31736451044717895,0.8609029282911503,1.74794985417739
-0.6735810214047853,-0.517562789458399,0.34952601124143845,-0.8071851018759572,-1.0,-1.0,2.0717325378801945
-0.7045402098882091,0.30499873220708756,0.9669054331683722,-0.17551767894107584,0.5935446851535412,1.0,-1.0416380158760519
-0.6057655777752897,-0.10575204753947426,0.7075270800882508,0.10766813252578078,0.36875265216853104,0.40971314645726564,-0.712898722252518
0.21040310782056287,0.432492642705066,1.0,1.0,0.4638518706665725,-1.0,0.13988890786268726
-0.29689001332536125,-0.5098685997410326,-0.39209761484711325,0.10848673578861945,-0.1457284063941704,-0.37390884626753207,-0.2753040288240989
0.5207943995051811,-0.5684421618458684,0.10030926349546171,-0.729050332399496,0.3822818966640014,-1.0,5.123541876036631
0.07020485615848093,-0.6346192459313609,-0.26810352090305023,-1.0,0.08122486766414874,-0.7763654913758142,2.043715233389096
-0.008592693831905862,-0.41289462274022903,-1.0,-0.6770362374550356,-0.7103264317227291,-0.06464871735908728,-1.1157995999678292
1.0,-0.22849523925924825,-0.6278770725251228,-0.23305480882308643,-0.08718504943225691,-0.33643454560832453,0.4441825610976687
0.1419062127659595,-0.5132542960680191,-0.32970641053939254,0.969254912586006,-0.8591211156074062,-0.13484048041430458,1.2860226883582322
-0.03843203849724758,-0.19460416428945415,0.4822900541842565,0.4391973564166427,-0.2435755727835276,0.45329329256687545,1.1366779053393863
-0.05979575675758941,-0.9673550124158599,0.10519445423601337,-0.8396765752147557,0.008867737805053455,1.0,-0.5247621588313728
1.0,0.9484614868815878,1.0,1.0,-0.17623745628570053,1.0,-3.3685543407887932
0.22869921191236142,1.0,1.0,0.38586677555325477,0.8242356260656518,0.9116712664073533,-3.1718440847337943
-0.19902092852586978,-0.25790465734366264,1.0,0.5167099144613546,-0.8281978538888384,-0.7004095595540589,-0.21014375568485905
-1.0,-1.0,-0.653337690218331,-0.008941185635396254,-0.2382989774146408,0.6550012673101999,-2.6258670495715215
1.0,0.8513588037977516,1.0,0.34789321955044805,1.0,0.42966986909943305,-5.449598976034552
-0.8653487278636698,-1.0,-1.0,-1.0,-0.25378510406364985,-1.0,2.7395528819859987
1.0,0.5239330950277319,1.0,-0.46956385123027977,-0.3707009480052289,-0.4924782630714673,1.5734204590819947
0.08853898477291965,1.0,0.819301420768348,0.9051311307299528,-0.1265782342195545,-0.1553664394316716,-2.3681995824580393
0.9912576812215427,-0.3357971480853481,-0.34898895115151635,-0.3306630987142961,-0.9304655402092299,0.2737168841327935,2.9497451063811075
0.18508113059330766,1.0,-0.6439046023018062,0.31423287290669893,0.18871935306020426,1.0,7.104878870899262
1.0,0.23181097742640255,1.0,0.6695696057944065,-0.7762736573499837,-0.6339380339606071,6.298482686086519
-0.6317539029400788,-0.39946781323990876,-0.5660988620996343,-0.7707506403113118,0.3544772877124476,-0.2343262369145006,-0.5968610960447598
-0.6238630353319257,0.9626069841958032,0.18494020735627847,0.4528073743271968,-1.0,-1.0,0.13156746266261776
-1.0,-0.20351352427977654,-1.0,-1.0,-0.21670507325207483,-0.0015244905916931284,-1.7138261624930422
0.16599195883754536,0.6512864858164669,-0.07102679900579556,-1.0,-0.16073541705542682,-0.6067404916165506,-0.507270856905385
0.6409371095668294,0.03915290963871387,-1.0,-0.2609922840041019,-0.6967844198197644,0.008435086067977937,1.6554405705046904
0.07006934874366223,-0.10281158596167139,0.812037162382587,1.0,-1.0,-1.0,2.8061254149110058
0.7706266274211224,-0.0028657955914185296,-0.6910998804672366,-1.0,-1.0,0.5841365252142405,4.668489969679026
-0.044599591656290904,-1.0,-1.0,-1.0,-1.0,-1.0,5.473145117944826
-1.0,-0.3370167362872597,0.7597136260077533,0.3627337151923571,0.0860801462538367,0.994535990332053,-1.315650614525123
1.0,0.25462257400765964,-0.7727743269154576,-0.2177593208729243,-0.4198612542654243,0.17925699166268383,2.338961877327344
-0.7545870620832142,-0.758686596953811,-0.23796447589072756,-0.7710790285865534,1.0,0.3438137389864042,1.7445939294731643
-0.29707576375446365,-0.7635701612239648,-0.08982238242374163,0.3434285763059234,0.566739054869438,1.0,3.7322996421151298
-0.709861664187198,0.5225519424912983,0.7272764237783451,1.0,0.7675877598421696,0.19772484719538602,-1.9022695621241925
-0.6088834959450409,-0.03985578223623443,-0.47844462082045647,-1.0,-0.34145268953716484,0.16868329424368939,-1.3290821176881036
0.247217993916297,-0.06805202469349514,0.08544871321189584,1.0,-0.368514201012872,-1.0,2.774554849460391
1.0,0.812076828894571,1.0,1.0,0.18033251405803918,0.18251627795164227,-2.086462970697927
1.0,-0.5827497789740815,1.0,-0.04639096347376581,-0.7619275310442948,-1.0,8.801621329526908
0.5460351801794414,0.5610001846924861,0.3766780870650406,0.2588361630036251,-0.6021908779146217,0.9312001768276357,3.8575804662529385
0.4465366297190598,-0.5492803352862391,-1.0,-0.8079360850342799,1.0,0.16328803541164005,-2.018565800869856
-1.0,-1.0,-1.0,-1.0,-0.8522507584324046,-1.0,4.392297473332514
-0.17007791517825,-0.4100201826769886,-0.6882682363555171,0.6019772936152592,-0.37643494825658064,-0.1608884408642379,-0.6697586631693931
-0.6522165296729853,-0.8566086184649807,0.6065025952188331,0.38437409465487477,0.5373044281855259,1.0,1.7143893058112498
0.7834767531303771,0.24761337238281733,-1.0,-0.28559025786256154,-0.4775364408815374,-0.07101997242998481,0.7610107551501307
-1.0,0.3705018130826389,-1.0,-1.0,1.0,0.7983258812268885,6.445391948860744
-0.05240445414831596,-0.0363437960145887,-1.0,-1.0,1.0,-0.09828805169143595,0.24040893952564413
-0.496089791868178,0.8286217790893096,-1.0,-0.0491081821922715,1.0,0.40548759315020577,4.532392583036169
-0.1468734120795474,-1.0,-0.8236264840205891,-0.14933776028035783,0.7941412736598025,0.8837217711695018,1.991109253189232
-1.0,-0.5312332996976648,-1.0,-0.6360302804944085,-0.29017615771319716,-1.0,5.729865068149075
1.0,0.5052580707611707,-0.4813352332840114,0.9964169598971063,-0.5575003523682469,-0.3312224395303196,2.0940591465719405
0.9769299049360041,0.3578482571148436,-1.0,-0.13001826249996817,-1.0,-0.42255451147438494,3.34456222714791
0.6159134404837383,0.1727694655315456,0.2351877157160419,1.0,-1.0,-0.8036903766782244,4.187954390713253
-0.10820627607710942,-1.0,-1.0,-0.29729114611220675,-0.004330177868406532,-0.6831360703137037,-0.35752756125421753
0.8390623021378816,0.5624117178735641,1.0,0.715962162868828,-0.2162410330651171,0.03639138031581235,-0.2549729435041027
0.019787630594050754,1.0,1.0,0.4105644487710365,-0.5176084399750647,-1.0,-0.1330664799893373
0.5884496137650744,0.44775346052958187,1.0,1.0,-0.7114750455469387,-0.17629358517745433,1.0910436775412764
1.0,-0.5071908293882443,0.6008529460659733,1.0,0.7494728022344743,0.1436434017834013,-3.3180831235232633
0.1753136650176793,0.10429440358853193,-0.44711377472794867,-0.15265942877093275,-0.5557575125248485,0.22557007582923422,0.9508952412957519
0.10934705110789666,1.0,0.5992407248917597,0.04174215599620945,-0.07920454939976636,-0.0924504392918446,-1.3159467468012571
-1.0,-1.0,-1.0,-0.3998501521161497,0.8152996411789515,0.5340817055709695,-4.737263948605
1.0,0.031085926186933066,0.572170952283676,0.23103504180423828,-0.5578956562583731,0.8288399566313498,2.414646849651953
-0.3356237932021748,-0.048837416229140285,-0.03569718685075432,0.5874106533215296,1.0,0.09379421307377148,1.512787823260071
0.045052099248834465,-1.0,-0.6415262939461961,-0.6071003802095039,-1.0,0.436798279578468,1.6715567270168061
-0.07849652638242449,0.4529612770728203,0.7698886903228855,0.7818175297003349,1.0,1.0,1.7738970383978359
1.0,1.0,-0.4212489072735068,0.7007849899006806,-0.5083757474119939,0.24490019960675258,3.872361665755378
-0.9768145401540973,-1.0,-1.0,0.776198706598932,0.1270049489941426,0.5213112835426179,-3.1579473193758902
0.5443159517900146,1.0,0.6934480223379885,0.5641763444613435,0.21076659783110185,0.0920540085879511,-2.0006966213713335
0.9511023342856748,0.531007987099704,0.795403554429701,1.0,-0.36290250533283186,0.1426959961777824,1.7379669139042977
0.770374741011854,-0.4103228618205664,-0.45822916299514105,0.2876945910940889,0.4967638353045626,-1.0,0.7719175637386684
0.621038469054921,0.4416354943722518,0.4154088180838593,0.8056544329351129,-1.0,-0.910611734367579,5.361974808993047
0.8565176683851559,0.9251063298602176,1.0,1.0,0.23649544109962434,-1.0,0.3954229275747601
1.0,1.0,0.29079643868973104,0.4832643893786348,-0.12949434432460033,0.23194947121464626,-0.22238591062643054
-0.619286579761779,-1.0,0.8414135296787332,0.7414375247614909,0.7531552657117451,0.03748142292840051,2.113103948206956
0.4783637737629067,0.20596739148016396,1.0,0.8375161229061651,-1.0,-0.8555278327659608,2.90525221741688
-0.8899412280005298,0.770060371245115,0.28525638879247683,-0.9713483477697922,0.33398919924715664,0.17004071421384026,0.2851596325454343
-1.0,-0.6852455087814556,0.7504495381029916,-0.8424800646274634,-0.6582003183702969,-0.3788576501388592,1.9936673335166946
-0.7004286555936905,-1.0,-0.8203083590488851,-1.0,0.4754616060486836,0.2238559650810466,-5.795361496911783
-1.0,-0.3602826617018833,0.5103858560928003,-0.0037078715278762164,-0.3841721874961449,1.0,-1.4923407828155277
-0.6629457032929673,-0.4212747826315617,-0.044422467969986945,-1.0,-1.0,0.5596004527825075,0.9516344615942351
-0.5782914857973619,1.0,1.0,1.0,0.9936418612117837,0.5484477683756019,-6.824568479737461
0.14010502322885093,1.0,0.07018707270004598,1.0,-1.0,-0.5618902770330576,3.308849950955655
-0.9784657235995926,-0.009287188307908964,-0.4531338678854602,-0.06638616288678378,0.6450058471363613,-1.0,4.251891798820272
-0.5287925112697978,0.31756342786602243,1.0,1.0,0.3485598355066939,0.749755062153208,-2.813811145980836
-1.0,-1.0,-1.0,-0.6521655748791928,-1.0,-1.0,2.166097300062404
-0.08822097259168327,0.21071667071968525,1.0,0.24649158444831476,-0.025835679525343824,-0.1880501599751465,-0.770267742684192
-0.28904957060052683,1.0,-0.32843542412818794,-0.5669498579822615,-0.2814298730993299,1.0,7.181647926252311
-1.0,-0.49484145323386786,-1.0,-0.7245939941238568,-1.0,1.0,4.878108614770714
-1.0,-0.19856534403775927,-0.44215380599402354,-1.0,-0.5923211550331358,1.0,1.5153398030427088
-0.5380330963302068,0.2629004549884632,0.48103213628444674,0.7348048002677248,0.3828541972108409,0.6520302579656323,-0.9890487929281375
-0.12512454098107245,-1.0,-0.3209165088848589,0.15187696681301924,-1.0,0.22441534788053974,-0.484477746454609
0.8955374389883992,0.48455050850872305,0.6917322669873761,0.4762768910197056,-0.1429855468072505,0.22101556001815897,-0.3116754281189334
0.5785223961778574,-0.7279546047123173,-0.44787777322275274,0.33943157335315566,-0.0035733192891008875,0.48429832530140327,1.0027836944152873
0.6684837565624961,1.0,1.0,0.9472565122184458,-0.5705006583974694,-0.485895868763475,1.0468555967001292
-0.33327839055589026,-0.9210160953120456,-1.0,-0.8567593117584986,-0.12977138333566085,-0.14512156773246288,-2.951706308929681
0.5998942987247894,-0.9830219171662311,0.5945090407787986,0.8578070646175867,0.40757502903493525,0.20592887419952843,0.5838073569861768
0.14578830289126454,0.6246916702027223,0.8035704826984048,0.9493654349804814,-1.0,-0.4053968221338484,0.7272705186273074
-0.4460962395305962,-0.21205131059429239,0.9688232382351086,-1.0,0.30051835490230516,-0.954774278915144,2.7427721872851514
-0.37665946629098723,0.7230963576408806,-0.6371912745131733,-0.4194988812413062,0.5744567927741374,0.763038664696047,4.860287737489298
1.0,1.0,-0.15464733041675238,1.0,0.44338614261448916,0.04042840623198252,0.5467818072876877
-0.20118093789677638,-1.0,-1.0,-1.0,0.8898156665153392,1.0,-1.1922262754995354
1.0,1.0,0.9131128595612019,0.6129885786157432,0.3297647839080963,1.0,-4.82491806391951
1.0,0.729663073363811,0.37969642982991314,-0.30388249775365095,-0.704768493407845,1.0,5.748435683231223
-0.9343765460212102,-0.2462525482797383,-0.13607341318668587,-0.9349424558283181,-1.0,-0.46203689006506243,1.2017782283798355
-1.0,-0.22044186146538391,-1.0,-1.0,0.08984087189088918,1.0,4.993105761379746
-0.5328647510592859,-0.5599538448060224,-0.8171418734623731,-0.5969541750404683,-0.014255860357287542,-1.0,3.9311602464604176
-0.12459708829932903,-0.08333744539273202,-0.7014192366202063,-1.0,1.0,1.0,6.806072955450816
-0.46457301995886896,1.0,-0.21942218068575603,1.0,-0.012039386267405361,-0.09208267524527694,0.8607664758224226
1.0,1.0,0.021063726588022413,0.7966706331023514,-0.912084498416545,-1.0,9.415070936053704
-0.6853347171059396,0.034100556859086306,0.6002335478038081,0.415045423887767,-1.0,-0.6082190069924676,-0.9394036983122689
-0.37790894268103925,-0.9095311513987692,0.49297981207946484,-1.0,0.7608136996635777,1.0,-0.7814423992375025
1.0,0.36108922062541526,1.0,1.0,-0.01915313140140351,-0.44193022344433547,1.189066319172563
0.3345855804940534,1.0,-0.6469605095715589,-0.3401123919236159,-1.0,0.8573403098247465,9.292175934481858
1.0,1.0,1.0,0.9731444125053343,1.0,0.402754567389368,-8.346091710968999
-1.0,-0.3709832468090364,-0.8040736279536698,-0.30963540616391483,1.0,1.0,5.963640035478813
1.0,0.7365586768976092,0.9771372268094353,0.7287656806673104,0.31562523975809076,-0.8441565142642209,0.8861669275802113
-0.17522087051391733,-0.2809001220447783,-1.0,-1.0,1.0,-0.7113681272565249,1.559419131211338
0.027754589627201134,-0.3875962514768594,0.10373843715150005,1.0,-0.4129482142297747,-0.9477867150272441,4.054883866716555
0.24328539328096888,0.8915123223208944,-0.5160151722627724,0.5736354122201143,-0.21549404684275086,-1.0,4.083311755098684
-0.9094475444093131,-1.0,-0.19763310409688595,-0.015793673135554576,-0.5485863547406817,-0.3058596343139167,-1.4138408822988917
0.9126258610181363,0.35792058773581414,-0.5937816746046934,1.0,-0.22858180141233175,-0.9137135603793709,3.6113188504508456
-0.2783972753404136,0.7538960909964744,-1.0,-0.30286298758449826,1.0,-0.360819287495596,1.3186964926251874
-0.23381406677887823,0.582567275278562,-0.3735536646532913,0.9121046366736123,1.0,0.008459901443727436,0.7450876472239909
-1.0,0.10562100760354587,-0.5705587363543939,-1.0,-0.4762121042682922,-0.1427258919727901,-1.4825035528753796
1.0,0.5952609839226168,1.0,0.33047325674874317,-1.0,-1.0,6.832361813828441
0.49767308695980017,0.21540564813406307,-0.09384204674619706,-0.2982095096224949,-0.2683531626881866,1.0,3.542615391849746
0.13948300707909833,-0.8932301622473133,-0.9411196632412493,0.7904824910558892,0.7309103480530221,1.0,4.6427569879361394
-0.06778270977046863,-0.9213295106642713,0.774183979962562,-1.0,-1.0,-0.13584505388072254,5.750068174517545
-0.4076255305005059,-0.4461938728638619,-0.3629083441601251,-0.38168904397247316,-0.3036077191976604,0.11200432512303288,-0.8713383826496273
0.15491868958530064,-0.0311872503262155,-0.9260334992764054,-0.3974580219334216,-1.0,-0.32371799286829495,-1.2496189216189673
1.0,0.9624273817512745,0.8740751859615592,0.8521155036553136,0.40636800541432266,1.0,-4.813725269435387
0.2238776924997603,1.0,1.0,-0.36549857683270115,-0.4151380369013365,-0.8116547730742161,-3.1902548623260927
-0.44805691560114,-0.8155069580731416,0.16409659171382104,-0.3544963756275321,-1.0,-1.0,2.965052519429749
-1.0,-0.08793036500245237,-0.3185970680068001,-0.6724258110369501,0.010390058193177176,-0.9116119835716183,3.3197952520987073
0.5638324207740613,-0.7777486048387735,0.0992226428716713,0.8337855140641516,-0.579446060842406,-1.0,5.814434515816524
0.7005624537618312,0.6227270473199933,1.0,-0.35689004413042424,0.06204086018953481,0.054387945824379495,-0.6459293047367213
0.09217066904707316,0.49258781268617086,-0.10116644705584053,-0.8762743378175759,-0.5623233559672023,-0.3139743253331362,0.07660561725056803
1.0,0.8851298975769106,1.0,1.0,0.8472079567620115,-0.8546723856876303,-4.874595320998055
-0.25040000662477185,-0.1854712919439472,0.11588185914525895,0.43414768642250856,0.015137840175138306,-0.4289395071399953,0.6064267630211592
0.5742575771496956,-0.08189834306088639,0.0035833778860416277,1.0,-0.022842586113588803,-0.9306807266107218,2.9887748626323978
-0.6736228561550895,0.0957061962064234,-0.7569753868122756,-0.014105042508018306,-1.0,-1.0,-0.5295317747853916
0.5058269359467886,-0.5788194652873033,0.45521536090219594,-0.5814241762730845,-1.0,-0.09027329459362243,3.002524694902706
-0.07413670025781988,0.47242634369013514,-1.0,0.78572129826594,0.8435159103155151,1.0,7.155018543356708
-0.724453559060622,-1.0,-1.0,-1.0,-1.0,-0.5688374289149919,0.7320672964955064
0.017011050017656015,-0.49042357254225466,1.0,0.380442357083313,-1.0,-0.15234894153860257,-0.0037953410918163955
-0.8001842220181326,-1.0,-1.0,-0.43239438841428907,-0.414693134085766,0.6442352775895306,-3.458373588160852
1.0,0.9074353515120208,-0.09841235522844707,0.22163005843931483,0.6212376784240119,1.0,1.7641679165033424
0.5324155954630087,0.7669609310250686,-1.0,-0.9651174792075119,-0.5443175960800462,-0.4622859897496112,0.38710394900790057
-0.1993233216560868,0.18275319683004573,-0.2957542858590949,0.5085204479401447,0.39183460675298926,0.38555243107120074,0.49229440521045914
0.05593661445279563,-0.3682107789604919,0.3721982929482609,0.9062486887598388,-1.0,-0.3123554465297762,1.0398476404126313
-1.0,-0.864609019307407,-1.0,-0.5068227393297886,1.0,0.42257252175396287,-4.028106954597594
0.2653476239916013,-1.0,-1.0,-0.19186521642344828,-0.3285011769129875,0.14940543478144852,-1.1591258672982678
-0.12156247002399162,-0.3939282532906011,-0.37989262440917826,-0.5953485387429351,-1.0,-0.17713988811602677,0.3940832152644057
0.7043759798216407,-0.7700014854478168,0.2269187868844314,-0.10694360813867515,1.0,1.0,-0.9181443311627152
0.237455402982365,0.3409554798051486,1.0,1.0,-1.0,-1.0,2.1685872668878514
0.6884625466280017,0.08367362771266706,0.754683659628377,0.2047606572220133,1.0,0.8418418760202087,-1.7606588641402963
-0.1269673202610052,-1.0,0.056375399315167996,-1.0,-1.0,-1.0,9.464541093665371
-0.5707399383154037,-1.0,-0.6885958127458515,0.20794470758531403,0.014210995846287433,0.22894816437041327,-2.621690771703191
1.0,1.0,1.0,0.5687809508699544,-0.3356138946498186,0.9706935106161565,-1.7143026298245785
0.5761887230655895,1.0,1.0,0.937523399871641,0.9302986011280743,-0.6789082863720272,-5.441793587263082
-1.0,-0.32503777146695434,0.2375797828015785,-1.0,-1.0,-1.0,1.6217010166431605
-0.1112706913489776,0.05561586888109826,-1.0,-0.7310414500392257,0.5124451691489474,0.23480664352878808,0.22757386128841678
0.2700919555583976,0.9517412338099602,1.0,0.20921025047441622,0.3542496300686743,-0.1497497668370664,-2.4951110053748025
-1.0,0.1779489062018038,0.4001745273679075,-0.6126207925706422,-0.8614599812059412,1.0,-2.5268747695606426
0.2769523399092265,-0.008062451256270475,-0.17181205343869316,0.2210488818107616,0.028452467195291264,1.0,3.884284877361991
0.7825124924385509,1.0,-0.15000203260955625,0.7538698236533663,-1.0,1.0,7.212295918858156
1.0,1.0,0.03600687204347852,0.7057786528683458,-1.0,-0.378264087562914,5.829911049806985
-0.8608353869054746,-0.6224019003631731,-0.6716376620793134,-1.0,0.6406445262978556,0.8887004495857365,1.3275154345474427
0.2935655352104375,-1.0,1.0,-1.0,0.09279103121482135,-0.4250656537558064,3.462677193273737
-1.0,-1.0,-1.0,-1.0,-0.5928014482040245,-1.0,3.6644991183392124
0.4185263365281738,0.1832595485732389,0.14847244847027224,-0.03199550414971297,-1.0,0.27319261825019314,1.0613883765745253
0.7814366382649431,0.5829675988003848,-0.26660361140411604,0.4872610688585777,0.3162948145286215,-1.0,1.8146061911074383
-1.0,0.27328626084683,0.137425855519402,-0.7146405107471898,-0.10471255238619595,-0.13282499335483888,-1.4865454335213404
-0.8952327680203243,0.06413484005227738,-0.3896129217982244,-0.8232206710902026,-0.01531735366333337,0.45837156362246007,0.8084581031206141
0.15595686096693218,-0.5196444208032884,0.4206045004445365,1.0,0.3813697605410586,0.37891645593512024,-0.651251776378825
0.08387584098454808,1.0,0.0705243999199957,1.0,0.10294191788079454,-0.8581489677460313,2.5937664169751207
0.18336223196493384,-0.45084484440281014,-1.0,-1.0,1.0,1.0,3.3414274037132174
-1.0,-1.0,-0.4124876321016061,-0.9435294704145516,1.0,1.0,1.2452131340309445
0.7596435669122942,-0.7136546988212232,0.567344987043155,-0.5674655865465486,-1.0,-1.0,10.135204722388538
-0.36977913093992987,0.12787995074201342,-0.3940358377038457,-1.0,-1.0,-0.39262932706247056,0.979638867814919
-1.0,-0.5140361141954665,-0.7702001399022758,-0.8679393209372249,-1.0,0.058595340124862005,-1.521239992705782
-0.09061654195942737,-1.0,-1.0,-1.0,1.0,1.0,-0.39802937248300807
0.3746117830018861,0.4173656471165037,0.49151299480051547,1.0,0.2238870552803805,-0.7352398108682017,1.1988982617571255
1.0,0.9643570375611421,0.6801265872499744,1.0,-0.3673617663656889,-0.29463261434343,2.24989839203917
0.38167436373520636,-0.11483805184318926,-1.0,-0.928325553338493,1.0,0.17939136105087677,-0.16549676305115968
0.408178487116427,0.06772242237039966,-1.0,-1.0,1.0,0.32662149880345615,-0.7098381454399441
-0.8580349395711583,-0.27219570124329784,0.35034756401648265,-0.39674862274708333,0.3111550633981517,0.034492374912004964,0.6343019446943593
0.4569065711909439,1.0,0.38756493015121185,0.21399746217330096,0.13194892594237,0.8677601570018632,1.1316730933887487
1.0,-0.24563830615497506,-0.5945859108787619,-0.02052044780537099,1.0,-0.7217173816510187,-2.3982092405280597
-1.0,-0.16642652893755638,-0.3747930127983021,-1.0,-0.30744512269890945,-1.0,4.031245218590195
-1.0,-1.0,-0.9480572037396747,-0.46108495423450735,-0.8186849595007891,-0.3490384090569443,-4.0213417449697975
0.30123122440023264,0.6836851590970403,1.0,1.0,0.4949091757350954,-0.386110456018537,-3.0528528096368204
-0.6059243902938296,0.8640133193355922,-1.0,0.41382613588315964,-0.04247467511710723,-1.0,6.060532846391117
-1.0,-0.9318453665199633,-1.0,-1.0,-1.0,-0.9275814324737113,3.684632614310026
-1.0,-1.0,-1.0,-1.0,1.0,0.6682014103465329,-6.022271547156269
-1.0,-0.0581288344457459,0.9595086753279272,-0.0030090248461577818,-0.6950010009274616,-0.4153309402927139,-0.9280964618338484
0.574665422210389,-1.0,-0.7783344287185621,-1.0,0.7594807715449401,0.2154063484954083,-4.0051352329663885
-0.03702645909903568,0.18971252531582916,1.0,0.22354273909940492,0.5196005538188679,1.0,-1.0555084825279184
-0.32349319275078803,-1.0,0.6130064634818606,-0.7157624923577208,-0.012998550295850841,0.38777644882426143,-0.7070014014143091
-1.0,-1.0,-0.6529833459058818,-0.7229896432499183,-0.22720138343130836,-0.2700920086391999,-2.2320909742680275
-1.0,-1.0,-0.5811549860344563,-1.0,0.6889856568342788,-0.20430873034415023,-1.5904452977604815
0.5598307540581772,-0.2828229796242768,0.6147182026680234,0.7357985070677115,0.36388430781933917,-0.41970501499706847,0.03400561941363776
-1.0,-0.29103240938988006,-1.0,-0.17260318939990016,-1.0,-0.6903023131698311,-1.2804105413913263
1.0,0.6491575533327328,1.0,0.4213695347308115,1.0,1.0,-6.348897201809585
0.3002083594150826,-1.0,-1.0,-0.5264859834563362,-1.0,-1.0,4.83340658873713
0.7272419699125672,0.17001227037636846,1.0,-0.08306157825852992,-0.760484641341457,-0.08449381296827507,2.7404176213249745
0.9360615535034083,0.07884717344440617,0.7346504851171024,1.0,0.38232975268584324,-0.9308388629427969,1.9548749514157997
-1.0,-0.5876314099657235,-1.0,-0.6475118099383455,0.7527184126210832,-0.35104145452357793,-1.3230792359467194
1.0,-0.6653031718294531,-0.01771942933049081,0.6941339922208851,0.6521611599085806,-1.0,0.3736473254512698
0.2497087477081097,0.22649523242542796,0.9172133984107449,-0.3034568346571468,-0.13940230025597877,-1.0,1.8467171997445442
-0.07827943449267538,-0.06710713501864873,-0.5995749824765882,-1.0,-0.6912530233820906,-0.7019141430288927,1.107352620216755
-0.9511164461488082,0.9181270686401015,-0.4859183653348885,0.4427970819206791,0.697803048740191,-1.0,5.907140576289102
-1.0,-0.6668461518388332,-0.04819002210880541,-0.2850958880472243,-1.0,-1.0,0.37924816027852915
1.0,1.0,1.0,0.2879280450110979,1.0,-0.22528404518489054,-5.0272358930160985
-1.0,-0.028045059163883335,-0.32640980602301284,-1.0,-1.0,-0.8156731649152296,0.4525831942442654
-0.11559425339742091,0.8975841376317308,0.307282793609846,0.7626079489484857,1.0,0.724600294931175,0.6510013415484256
-0.7601236390153846,-0.5333772366282263,-1.0,-1.0,-0.021558778167210857,-1.0,4.620365175126599
0.12091709058344646,0.9938728839802815,-0.3539851710236672,0.2249256254921126,1.0,0.7482036936920233,4.162435888189873
-0.989691716702261,-0.5007021787471193,-0.561155968613529,-1.0,-1.0,-0.36706512714769,1.7044038890673487
0.8065530037320077,0.16021105289448334,1.0,0.45051318055204814,-1.0,-0.8755357199935244,5.08807637500407
-0.763846103720344,-1.0,-0.8417609798240158,-0.47810630866497617,-0.5981619228318276,-0.4187386039400468,-2.931033112381355
-0.6362903054927819,0.827816839976536,-0.13763004565780837,0.9256716175217103,1.0,1.0,6.059148418377869
0.7909149299874567,-0.8266262734226912,0.7670905943950712,-0.3813028115495848,-1.0,-0.4089777919368679,7.549109063716136
0.42688718995508423,0.5188849495819652,1.0,1.0,-0.046615775152214683,0.5061339877653763,-2.4406889778620364
-0.4179254452103347,-1.0,0.7503431711052273,0.18557815937273098,0.18339452787932298,-0.1189123145826052,2.5076782348412094
-1.0,0.8052351576537776,-0.042967180807555794,-0.9657945723329235,0.8215633745081912,1.0,7.014495603251908
-0.7859943692222355,-0.9614970391706348,-0.47669618209505515,0.11634192091288531,-0.3827152139101959,-0.1506699874031895,-2.622543571458791
0.11343710961129906,-0.45589881761957946,0.2132231409892707,-0.019466537821383183,-1.0,-0.3994098113212966,0.39782818859532443
-1.0,-0.8802189601419355,0.433016174876529,-0.6402822949007709,-0.9529899607298522,0.1549870311403314,-0.567646653079007
1.0,0.7653826882796679,0.045613059537401135,0.09062380248984725,-0.13530152703762688,1.0,4.061642264083514
-0.7734296101194087,1.0,0.18204285329577374,-0.9199087190638598,0.08113689597109706,1.0,2.107255610499439
-1.0,-1.0,-0.6205386275880596,-0.9319447597584825,-0.3869755785743916,-1.0,2.839274288991427
0.7741475100301358,0.24950009541425244,-0.2689280194227316,-0.08301532098309528,0.057471033292416096,1.0,3.106614584964348
0.14721856063248956,-0.7003108550609787,0.5399359739722398,-0.6875276879271383,0.6810482369506908,0.32519717920394875,-1.0589019657580043
0.6434684689848998,-0.8340534295964208,-1.0,-1.0,-0.0015821510836135921,0.3026278544424559,-2.274956728841894
0.4821279889486051,-0.05448221524996566,-0.8595186978806917,-0.43735298306813564,-0.14584881068814615,-1.0,2.769823624887334
0.6394592216775634,-1.0,-0.28277287301223686,-0.966109105173815,0.34517586178429316,0.5551501643209398,-2.7109130955663296
1.0,0.7328142171302803,0.4618552516246508,1.0,0.31558765522624704,-1.0,5.029912245245551
1.0,1.0,0.32322284188840245,0.6048096925716866,1.0,0.3966431718850465,-3.2975709638402275
1.0,0.9089642341069735,1.0,1.0,-0.8405878325060218,-0.7212932717062092,6.306457560362171
0.6733179710975338,-0.7008439066584141,1.0,-0.4860578818705992,-1.0,-0.45302188360591533,6.866549239598457
-0.7476839603552676,-1.0,-0.8861963527520738,-1.0,-0.08643138023829955,0.8069325678115493,-4.166134706773673
-0.3121381214329124,-0.27545333501937563,1.0,-0.3936493503928758,0.10986054216776497,0.31902089817961987,-0.49326662076227823
1.0,0.9501536667486359,0.17012354868593538,1.0,0.32432304972819415,-0.19169107980978864,-0.23825947712019482
1.0,0.41039717335697745,-0.025498312633792486,1.0,-0.007858116249982783,1.0,2.579602632237003
0.22508815021853523,-0.4377350712695619,-0.13854426940295572,-1.0,-0.4379522057321088,0.6033165889317109,1.4222121816935216
-0.1623371620480517,-1.0,-1.0,0.46941541107732077,-0.4912202298302135,-0.13330994520094264,-4.147035767239732
1.0,0.3597157880788566,0.6718422360526813,0.18841397665748083,-1.0,-0.1677842984709914,3.035659508610956
-1.0,-0.9775960191774051,-1.0,-0.011565731563253023,0.7890973951106164,-0.9665168656935359,1.8782108402096354
-1.0,-0.2972865158684932,0.8294026778677509,-1.0,0.7821414649699385,1.0,-1.5407582394114767
-0.7756232761010092,-0.29651103166677595,-1.0,0.13878124833196137,0.005934809611804717,0.0434764631420253,-0.7403182815731306
0.4882206775676598,0.2615506771513705,-0.5659215610661982,0.08475705734997258,0.9752681464809726,-1.0,-0.2898830624866766
1.0,-0.06097802488915982,0.8144068306059459,-0.3353121394948348,-0.11732623213383736,1.0,-0.5834400530468179
0.4540024846028009,-0.09156812085614874,-0.5010916097393159,-0.5462850629816622,-0.30397303776306245,0.8020594420759718,2.6484817660638873
1.0,1.0,1.0,0.7466770180106881,1.0,0.41927237482793134,-7.65299830174931
0.00780364888083529,-0.7947273005851208,0.05122676247446181,-0.47994408974226216,1.0,0.7582225497427699,1.1268438530643736
-0.5908550727317865,-0.566036062356166,-0.4363743821006745,-0.48397784931664933,-0.8835810344700252,-0.5576556667001225,0.4597928219024325
1.0,-1.0,-1.0,0.6965556143347268,-0.36887392696505633,-0.6362471784341945,1.6216815613665898
0.8421669127588911,0.6467570221144345,-1.0,-0.43489651873391955,-0.3405511461172016,-0.4189913625152224,1.162247950332243
-0.041522423151257426,0.15620645648321135,-0.16877676664306118,-1.0,0.041268150047692576,0.8332282644988137,2.8922353581657205
-1.0,-0.49538402788661995,-1.0,-1.0,-0.6317192958257837,1.0,4.043416095135627
0.5242047985598305,0.7690677533655339,1.0,1.0,1.0,1.0,-4.7398145167750565
1.0,1.0,1.0,0.9181495661666457,0.9656315530788164,1.0,-9.324996749599686
0.34607916834365293,-0.331379686729271,-1.0,0.12006687866359111,0.14480304844781294,1.0,5.951320657033772
-0.5902231425582081,-1.0,-1.0,-1.0,1.0,0.43527821701637914,-5.4387187183085555
-0.7127080460720472,-1.0,-0.5968385948250217,-0.6291281737276997,0.48103704119815793,0.489872827961783,-2.085051831867171
-0.7329022999769635,-1.0,-1.0,-0.5377254020578411,-0.9902496501500804,0.10751390407547101,-4.712263726282303
0.1258679182054589,0.7178535563412154,0.7238867887750844,-0.2497945318114012,-0.7698253016631191,-1.0,1.68888166238153
-1.0,0.45886430285461965,-0.571195586587061,-0.5139264229461399,0.4793623239642908,0.20995272577070417,1.5466634609516938
-0.8017950667163956,-1.0,0.21451184298245962,-0.7505076300781157,1.0,0.6858213152683272,1.1322250246094547
1.0,-0.687781595470437,-0.007647340318930107,-0.16051684872001068,0.8393599234025231,-0.2628842156884065,-1.428162210423303
-0.08235946858265741,1.0,0.7675115088289642,0.3845621141775061,1.0,0.6999048415367923,-0.40105218844985413
0.49930489401913003,0.37687581548353033,-0.5493610870384307,-0.04496323144381775,-1.0,-1.0,2.423664137533166
1.0,0.6045881758580149,0.791057834045395,0.28235721478011144,0.4372933688736649,-1.0,2.1420516359260207
-0.2976302965008252,0.08405493651916321,-1.0,-1.0,0.3642080784676076,0.946311309081759,5.761295848973874
-0.6341426286982459,-0.897338341646779,-0.06982039882526705,1.0,0.8566104347096362,-0.012532889900845445,-0.6704730913574235
1.0,-0.6863189213569059,-0.597423289571935,0.27962729979038503,-0.6237218755015199,-0.07688499992669126,2.4898581704228513
-0.7471627335654563,0.19619075139718284,-0.23932227919194793,-0.022826892471913496,-1.0,-1.0,-2.064230891157068
0.283894176597401,1.0,1.0,1.0,-0.007735675088849758,0.6437495515517054,-6.321607348386375
-0.9874153348565645,-0.1569009881045604,1.0,-1.0,-0.47761879446417455,0.5286549098394291,-4.858159222305983
0.19633271035635103,1.0,-0.0794185205644875,1.0,0.12762847424808865,-0.1267378251295984,0.13895911003649564
0.4026235950320307,-0.629174144107427,-0.8469237522860475,-1.0,0.15050916896961342,0.057220635547392984,-0.040002232414604766
-0.00145217818370591,-0.44088784811495496,0.3508873423445834,-1.0,1.0,0.549915309120758,1.4320339192143288
1.0,1.0,-0.04112950416230987,0.6222633533684059,0.6355626475058318,1.0,0.97504264516323
1.0,0.8814934135303788,-1.0,-0.5318716753218833,-0.6891969756026769,-1.0,5.067337708696716
-0.18136924382168473,-0.7541846563335771,0.6481379002747116,0.12166933210506631,-0.30018672764378285,0.36074638810440623,0.6832537233269971
1.0,0.1145783222876704,1.0,0.11368417061452551,0.4705051326511247,-0.12740867291386104,-0.4370888942356732
0.0028712968553479268,1.0,0.3651634142279606,0.5646316111607934,1.0,1.0,3.483495991086356
0.565564060703784,-1.0,-0.5014541666314342,-0.6937629993661951,0.9134649515733245,1.0,-0.8453595197735242
-0.24874886956146855,-0.950748051917785,-0.011138242678528365,-0.8759581342880778,-0.24635186211908305,0.33048347811346834,0.7238059195067368
0.7549346498434213,0.1711492097757631,1.0,0.291908045048325,0.2322798374020203,-0.32213391651933,0.05746468625226811
-1.0,-0.9195546992524641,-0.9042357941046746,-0.08268603737590541,-0.3620030929230609,-0.42343722129105565,-3.2725899607059072
-0.09865311579689884,0.22593404930872502,-0.5824393678345885,-0.032514048369606696,0.02435237715711991,1.0,5.301135610224071
1.0,1.0,0.8237094517810031,1.0,0.21447707345303324,-0.6122636729405391,-0.3819358159424926
-1.0,-0.3716470207891829,-1.0,-0.2026582716518337,-0.2302577171307919,0.7690022100354872,3.3209000450223094
-0.8528912451546972,-0.9015151455696904,-0.3477662466159837,-0.49477043900813045,-1.0,0.38116993042450154,-1.2823999402441322
-0.9060449285244421,-1.0,-0.7501041773174723,1.0,-0.627851345896118,0.11873795178018133,-5.11871513664152
0.2784957826360561,1.0,0.14451348483599802,0.8623752909862143,0.17123837889257354,1.0,1.5572696986957744
-0.9278658550855324,-0.6153737989139451,-0.4481961921096917,-0.9262334876607442,-0.5484186763487989,-0.12416817122011559,-0.8354806824866687
-0.33085994902826443,-0.29129641923704086,-0.7284407399161517,-1.0,0.006612350983843052,-0.12478806951281851,-1.118315914766307
0.9038834026493381,0.9097681394998183,0.9341776385342158,0.9744694868736545,0.06120702323441535,-0.30267265926402553,-1.673486119444802
0.30498852944140886,-0.31963099244842996,0.23657455901643265,0.16942043111692706,-1.0,0.03802898817462125,0.9967296561722004
-0.4546152286347269,-0.3472127422797834,0.1965335383896497,0.1524644143747849,1.0,0.749664699027347,2.127365350140092
-0.5881119133140256,-1.0,-1.0,-0.7960542662092072,-1.0,-0.7855056152345292,1.48067099258958
0.8648933479308383,-0.12214210633377476,-0.3068594106024197,0.5177382033214445,0.49411330983100205,-0.9135229571746778,0.5678021658009796
-1.0,-0.7064254397395724,-1.0,-0.6459770515451888,1.0,-0.5486672253597389,-1.0276364191475191
-0.677528963724241,-1.0,-0.33684305889555066,-0.26082843810340606,1.0,1.0,3.679100911713588
-0.8364372422972314,-0.8170407381075303,-1.0,-1.0,-0.5356736114363244,0.4975953830161908,-3.771067321341231
-1.0,0.39139329299781855,-0.5812800652582739,-1.0,0.6188277728975464,-1.0,3.689920111772118
1.0,1.0,1.0,0.39947033798754705,-0.7541250999148786,-0.43995666206680967,3.308684599434425
-0.9266283631172849,-0.9382268232845428,-0.34179130252303214,-1.0,0.9675542480718835,0.3234409290171919,-0.27967870327382394
1.0,1.0,1.0,0.3859329895399197,1.0,1.0,-7.3003136249637866
-0.7268485091029975,-0.6617158661999041,-0.2022721964437728,-1.0,-0.4830882496038762,-0.21559419988148498,0.5899784260657328
0.7529253420278217,0.7215348210863858,1.0,0.40389569176136253,0.020972612491515497,1.0,-2.5994728521363517
-0.3782399537223705,-0.7393289649015685,-0.33246824538584246,-1.0,-0.96695196061874,1.0,4.780845011796928
0.40806865077543897,-0.7247210349802837,-0.10826749720496909,-0.07411554656149577,-1.0,-0.2979609695422214,2.6894158693902965
0.1988887324394719,1.0,-0.27744735239350754,-0.2539819059461512,0.4056295545784556,1.0,5.97745712951923
-0.34789277633197235,-0.19218025340165995,0.9898075880080623,-0.48489948883080225,-1.0,-0.8965290382023328,-0.7032581958949942
0.6080338052051633,1.0,0.023019316689567748,-0.2177679996546409,0.5425828369276076,0.12135014023684337,0.4005010861671834
0.5061616620390132,0.10266289371068743,0.08869357985375648,0.259775921924998,-0.372705532816237,1.0,3.1889592152694854
-0.9370455225461821,-0.888826691926448,-1.0,-1.0,0.5398634870958047,1.0,-0.4465388803606657
0.6835096507014091,0.8975804586314231,0.2708262826905139,-0.06207318990685273,1.0,0.8761940166301105,1.8738825009457953
0.9908845715147181,0.4367061073853675,0.8474932283112588,0.1350436036604481,-0.2615107290997598,0.4617234082190728,0.07220230075252393
-0.6852992012506504,-1.0,-1.0,1.0,-0.8955249267682992,0.38107070182218994,-4.546928920001502
0.27854273495676296,1.0,0.2615593642006121,1.0,-0.45309808684589536,0.9642662087491595,1.9406271822749286
-0.23189298102751277,-0.2658592027688542,-0.8160774782517636,-1.0,-1.0,-1.0,1.613919925239136
0.8043898908133833,0.4015945211727441,1.0,0.8260290389129865,-0.4080795058526212,-1.0,4.222139223412291
